"Time","HansBetheHouse.Elec.PowerScout3/kWsystem"
2018-04-11 20:00:00,263
2018-04-12 20:00:00,260
2018-04-13 20:00:00,250
2018-04-14 20:00:00,255
2018-04-15 20:00:00,263
2018-04-16 20:00:00,261
2018-04-17 20:00:00,255
2018-04-18 20:00:00,270
2018-04-19 20:00:00,263
2018-04-20 20:00:00,251
2018-04-21 20:00:00,253
2018-04-22 20:00:00,260
2018-04-23 20:00:00,257
2018-04-24 20:00:00,264
2018-04-25 20:00:00,263
2018-04-26 20:00:00,263
2018-04-27 20:00:00,246
2018-04-28 20:00:00,254
2018-04-29 20:00:00,268
2018-04-30 20:00:00,262
2018-05-01 20:00:00,277
2018-05-02 20:00:00,286
2018-05-03 20:00:00,286
2018-05-04 20:00:00,267
2018-05-05 20:00:00,264
2018-05-06 20:00:00,271
2018-05-07 20:00:00,270
2018-05-08 20:00:00,288
2018-05-09 20:00:00,262
2018-05-10 20:00:00,269
2018-05-11 20:00:00,254
2018-05-12 20:00:00,251
2018-05-13 20:00:00,266
2018-05-14 20:00:00,271
2018-05-15 20:00:00,268
2018-05-16 20:00:00,267
2018-05-17 20:00:00,269
2018-05-18 20:00:00,257
2018-05-19 20:00:00,255
2018-05-20 20:00:00,252
2018-05-21 20:00:00,253
2018-05-22 20:00:00,207
2018-05-23 20:00:00,195
2018-05-24 20:00:00,202
2018-05-25 20:00:00,216
2018-05-26 20:00:00,213
2018-05-27 20:00:00,178
2018-05-28 20:00:00,176
2018-05-29 20:00:00,179
2018-05-30 20:00:00,179
2018-05-31 20:00:00,177
2018-06-01 20:00:00,165
2018-06-02 20:00:00,152
2018-06-03 20:00:00,163
2018-06-04 20:00:00,168
2018-06-05 20:00:00,177
2018-06-06 20:00:00,179
2018-06-07 20:00:00,187
2018-06-08 20:00:00,169
2018-06-09 20:00:00,170
2018-06-10 20:00:00,171
2018-06-11 20:00:00,171
2018-06-12 20:00:00,173
2018-06-13 20:00:00,174
2018-06-14 20:00:00,165
2018-06-15 20:00:00,148
2018-06-16 20:00:00,154
2018-06-17 20:00:00,172
2018-06-18 20:00:00,175
2018-06-19 20:00:00,172
2018-06-20 20:00:00,169
2018-06-21 20:00:00,172
2018-06-22 20:00:00,161
2018-06-23 20:00:00,163
2018-06-24 20:00:00,175
2018-06-25 20:00:00,176
2018-06-26 20:00:00,175
2018-06-27 20:00:00,177
2018-06-28 20:00:00,180
2018-06-29 20:00:00,165
2018-06-30 20:00:00,167
2018-07-01 20:00:00,177
2018-07-02 20:00:00,177
2018-07-03 20:00:00,171
2018-07-04 20:00:00,173
2018-07-05 20:00:00,174
2018-07-06 20:00:00,159
2018-07-07 20:00:00,161
2018-07-08 20:00:00,172
2018-07-09 20:00:00,177
2018-07-10 20:00:00,176
2018-07-11 20:00:00,175
2018-07-12 20:00:00,171
2018-07-13 20:00:00,161
2018-07-14 20:00:00,165
2018-07-15 20:00:00,180
2018-07-16 20:00:00,188
2018-07-17 20:00:00,182
2018-07-18 20:00:00,174
2018-07-19 20:00:00,173
2018-07-20 20:00:00,165
2018-07-21 20:00:00,154
2018-07-22 20:00:00,166
2018-07-23 20:00:00,175
2018-07-24 20:00:00,177
2018-07-25 20:00:00,175
2018-07-26 20:00:00,174
2018-07-27 20:00:00,156
2018-07-28 20:00:00,155
2018-07-29 20:00:00,166
2018-07-30 20:00:00,170
2018-07-31 20:00:00,176
2018-08-01 20:00:00,173
2018-08-02 20:00:00,178
2018-08-03 20:00:00,162
2018-08-04 20:00:00,156
2018-08-05 20:00:00,168
2018-08-06 20:00:00,169
2018-08-07 20:00:00,174
2018-08-08 20:00:00,177
2018-08-09 20:00:00,175
2018-08-10 20:00:00,162
2018-08-11 20:00:00,160
2018-08-12 20:00:00,178
2018-08-13 20:00:00,181
2018-08-14 20:00:00,183
2018-08-15 20:00:00,198
2018-08-16 20:00:00,211
2018-08-17 20:00:00,215
2018-08-18 20:00:00,223
2018-08-19 20:00:00,239
2018-08-20 20:00:00,252
2018-08-21 20:00:00,285
2018-08-22 20:00:00,286
2018-08-23 20:00:00,286
2018-08-24 20:00:00,283
2018-08-25 20:00:00,286
2018-08-26 20:00:00,308
2018-08-27 20:00:00,315
2018-08-28 20:00:00,320
2018-08-29 20:00:00,313
2018-08-30 20:00:00,302
2018-08-31 20:00:00,289
2018-09-01 20:00:00,294
2018-09-02 20:00:00,318
2018-09-03 20:00:00,320
2018-09-04 20:00:00,317
2018-09-05 20:00:00,323
2018-09-06 20:00:00,308
2018-09-07 20:00:00,288
2018-09-08 20:00:00,273
2018-09-09 20:00:00,277
2018-09-10 20:00:00,279
2018-09-11 20:00:00,281
2018-09-12 20:00:00,295
2018-09-13 20:00:00,304
2018-09-14 20:00:00,295
2018-09-15 20:00:00,304
2018-09-16 20:00:00,305
2018-09-17 20:00:00,305
2018-09-18 20:00:00,298
2018-09-19 20:00:00,292
2018-09-20 20:00:00,296
2018-09-21 20:00:00,281
2018-09-22 20:00:00,272
2018-09-23 20:00:00,273
2018-09-24 20:00:00,281
2018-09-25 20:00:00,288
2018-09-26 20:00:00,285
2018-09-27 20:00:00,282
2018-09-28 20:00:00,270
2018-09-29 20:00:00,260
2018-09-30 20:00:00,269
2018-10-01 20:00:00,274
2018-10-02 20:00:00,278
2018-10-03 20:00:00,275
2018-10-04 20:00:00,270
2018-10-05 20:00:00,239
2018-10-06 20:00:00,235
2018-10-07 20:00:00,244
2018-10-08 20:00:00,257
2018-10-09 20:00:00,293
2018-10-10 20:00:00,292
2018-10-11 20:00:00,279
2018-10-12 20:00:00,269
2018-10-13 20:00:00,256
2018-10-14 20:00:00,275
2018-10-15 20:00:00,276
2018-10-16 20:00:00,273
2018-10-17 20:00:00,277
2018-10-18 20:00:00,273
2018-10-19 20:00:00,263
2018-10-20 20:00:00,258
2018-10-21 20:00:00,267
2018-10-22 20:00:00,272
2018-10-23 20:00:00,272
2018-10-24 20:00:00,274
2018-10-25 20:00:00,266
2018-10-26 20:00:00,257
2018-10-27 20:00:00,264
2018-10-28 20:00:00,272
2018-10-29 20:00:00,267
2018-10-30 20:00:00,268
2018-10-31 20:00:00,272
2018-11-01 20:00:00,268
2018-11-02 20:00:00,258
2018-11-03 20:00:00,254
2018-11-04 19:00:00,270
2018-11-05 19:00:00,266
2018-11-06 19:00:00,272
2018-11-07 19:00:00,275
2018-11-08 19:00:00,276
2018-11-09 19:00:00,264
2018-11-10 19:00:00,259
2018-11-11 19:00:00,263
2018-11-12 19:00:00,267
2018-11-13 19:00:00,270
2018-11-14 19:00:00,260
2018-11-15 19:00:00,264
2018-11-16 19:00:00,254
2018-11-17 19:00:00,261
2018-11-18 19:00:00,270
2018-11-19 19:00:00,263
2018-11-20 19:00:00,197
2018-11-21 19:00:00,187
2018-11-22 19:00:00,184
2018-11-23 19:00:00,187
2018-11-24 19:00:00,212
2018-11-25 19:00:00,260
2018-11-26 19:00:00,265
2018-11-27 19:00:00,263
2018-11-28 19:00:00,266
2018-11-29 19:00:00,272
2018-11-30 19:00:00,260
2018-12-01 19:00:00,255
2018-12-02 19:00:00,269
2018-12-03 19:00:00,266
2018-12-04 19:00:00,273
2018-12-05 19:00:00,278
2018-12-06 19:00:00,273
2018-12-07 19:00:00,263
2018-12-08 19:00:00,264
2018-12-09 19:00:00,273
2018-12-10 19:00:00,271
2018-12-11 19:00:00,278
2018-12-12 19:00:00,270
2018-12-13 19:00:00,262
2018-12-14 19:00:00,242
2018-12-15 19:00:00,184
2018-12-16 19:00:00,179
2018-12-17 19:00:00,174
2018-12-18 19:00:00,174
2018-12-19 19:00:00,172
2018-12-20 19:00:00,155
2018-12-21 19:00:00,148
2018-12-22 19:00:00,150
2018-12-23 19:00:00,144
2018-12-24 19:00:00,144
2018-12-25 19:00:00,144
2018-12-26 19:00:00,143
2018-12-27 19:00:00,142
2018-12-28 19:00:00,143
2018-12-29 19:00:00,144
2018-12-30 19:00:00,145
2018-12-31 19:00:00,142
2019-01-01 19:00:00,149
2019-01-02 19:00:00,149
2019-01-03 19:00:00,153
2019-01-04 19:00:00,153
2019-01-05 19:00:00,151
2019-01-06 19:00:00,158
2019-01-07 19:00:00,165
2019-01-08 19:00:00,171
2019-01-09 19:00:00,172
2019-01-10 19:00:00,179
2019-01-11 19:00:00,171
2019-01-12 19:00:00,170
2019-01-13 19:00:00,173
2019-01-14 19:00:00,182
2019-01-15 19:00:00,198
2019-01-16 19:00:00,219
2019-01-17 19:00:00,248
2019-01-18 19:00:00,240
2019-01-19 19:00:00,248
2019-01-20 19:00:00,264
2019-01-21 19:00:00,277
2019-01-22 19:00:00,279
2019-01-23 19:00:00,274
2019-01-24 19:00:00,273
2019-01-25 19:00:00,260
2019-01-26 19:00:00,262
2019-01-27 19:00:00,267
2019-01-28 19:00:00,272
2019-01-29 19:00:00,274
2019-01-30 19:00:00,284
2019-01-31 19:00:00,281
2019-02-01 19:00:00,275
2019-02-02 19:00:00,274
2019-02-03 19:00:00,269
2019-02-04 19:00:00,268
2019-02-05 19:00:00,270
2019-02-06 19:00:00,267
2019-02-07 19:00:00,271
2019-02-08 19:00:00,261
2019-02-09 19:00:00,268
2019-02-10 19:00:00,278
2019-02-11 19:00:00,275
2019-02-12 19:00:00,277
2019-02-13 19:00:00,271
2019-02-14 19:00:00,272
2019-02-15 19:00:00,264
2019-02-16 19:00:00,268
2019-02-17 19:00:00,273
2019-02-18 19:00:00,280
2019-02-19 19:00:00,277
2019-02-20 19:00:00,273
2019-02-21 19:00:00,265
2019-02-22 19:00:00,246
2019-02-23 19:00:00,242
2019-02-24 19:00:00,251
2019-02-25 19:00:00,268
2019-02-26 19:00:00,277
2019-02-27 19:00:00,279
2019-02-28 19:00:00,277
2019-03-01 19:00:00,261
2019-03-02 19:00:00,264
2019-03-03 19:00:00,270
2019-03-04 19:00:00,276
2019-03-05 19:00:00,278
2019-03-06 19:00:00,273
2019-03-07 19:00:00,273
2019-03-08 19:00:00,259
2019-03-09 19:00:00,265
2019-03-10 20:00:00,269
2019-03-11 20:00:00,268
2019-03-12 20:00:00,263
2019-03-13 20:00:00,266
2019-03-14 20:00:00,267
2019-03-15 20:00:00,258
2019-03-16 20:00:00,264
2019-03-17 20:00:00,267
2019-03-18 20:00:00,268
2019-03-19 20:00:00,268
2019-03-20 20:00:00,264
2019-03-21 20:00:00,266
2019-03-22 20:00:00,255
2019-03-23 20:00:00,255
2019-03-24 20:00:00,269
2019-03-25 20:00:00,266
2019-03-26 20:00:00,268
2019-03-27 20:00:00,265
2019-03-28 20:00:00,256
2019-03-29 20:00:00,193
2019-03-30 20:00:00,181
2019-03-31 20:00:00,181
2019-04-01 20:00:00,178
2019-04-02 20:00:00,180
2019-04-03 20:00:00,182
2019-04-04 20:00:00,180
2019-04-05 20:00:00,178
2019-04-06 20:00:00,227
2019-04-07 20:00:00,263
2019-04-08 20:00:00,263
2019-04-09 20:00:00,261
2019-04-10 20:00:00,265
2019-04-11 20:00:00,259
2019-04-12 20:00:00,255
2019-04-13 20:00:00,251
2019-04-14 20:00:00,272
2019-04-15 20:00:00,261
2019-04-16 20:00:00,263
2019-04-17 20:00:00,266
2019-04-18 20:00:00,270
2019-04-19 20:00:00,255
2019-04-20 20:00:00,257
2019-04-21 20:00:00,260
2019-04-22 20:00:00,261
2019-04-23 20:00:00,258
2019-04-24 20:00:00,265
2019-04-25 20:00:00,263
2019-04-26 20:00:00,250
2019-04-27 20:00:00,250
2019-04-28 20:00:00,259
2019-04-29 20:00:00,268
2019-04-30 20:00:00,259
2019-05-01 20:00:00,259
2019-05-02 20:00:00,262
2019-05-03 20:00:00,248
2019-05-04 20:00:00,255
2019-05-05 20:00:00,266
2019-05-06 20:00:00,271
2019-05-07 20:00:00,260
2019-05-08 20:00:00,265
2019-05-09 20:00:00,263
2019-05-10 20:00:00,246
2019-05-11 20:00:00,250
2019-05-12 20:00:00,264
2019-05-13 20:00:00,264
2019-05-14 20:00:00,259
2019-05-15 20:00:00,257
2019-05-16 20:00:00,258
2019-05-17 20:00:00,238
2019-05-18 20:00:00,192
2019-05-19 20:00:00,198
2019-05-20 20:00:00,184
2019-05-21 20:00:00,182
2019-05-22 20:00:00,182
2019-05-23 20:00:00,195
2019-05-24 20:00:00,206
2019-05-25 20:00:00,204
2019-05-26 20:00:00,168
2019-05-27 20:00:00,185
2019-05-28 20:00:00,191
2019-05-29 20:00:00,197
2019-05-30 20:00:00,199
2019-05-31 20:00:00,187
2019-06-01 20:00:00,180
2019-06-02 20:00:00,185
2019-06-03 20:00:00,172
2019-06-04 20:00:00,172
2019-06-05 20:00:00,170
2019-06-06 20:00:00,169
2019-06-07 20:00:00,161
2019-06-08 20:00:00,169
2019-06-09 20:00:00,173
2019-06-10 20:00:00,180
2019-06-11 20:00:00,182
2019-06-12 20:00:00,189
2019-06-13 20:00:00,187
2019-06-14 20:00:00,169
2019-06-15 20:00:00,170
2019-06-16 20:00:00,186
2019-06-17 20:00:00,197
2019-06-18 20:00:00,198
2019-06-19 20:00:00,202
2019-06-20 20:00:00,207
2019-06-21 20:00:00,191
2019-06-22 20:00:00,192
2019-06-23 20:00:00,203
2019-06-24 20:00:00,210
2019-06-25 20:00:00,213
2019-06-26 20:00:00,216
2019-06-27 20:00:00,207
2019-06-28 20:00:00,210
2019-06-29 20:00:00,204
2019-06-30 20:00:00,206
2019-07-01 20:00:00,206
2019-07-02 20:00:00,211
2019-07-03 20:00:00,208
2019-07-04 20:00:00,212
2019-07-05 20:00:00,215
2019-07-06 20:00:00,208
2019-07-07 20:00:00,209
2019-07-08 20:00:00,214
2019-07-09 20:00:00,219
2019-07-10 20:00:00,216
2019-07-11 20:00:00,209
2019-07-12 20:00:00,209
2019-07-13 20:00:00,208
2019-07-14 20:00:00,209
2019-07-15 20:00:00,218
2019-07-16 20:00:00,215
2019-07-17 20:00:00,218
2019-07-18 20:00:00,219
2019-07-19 20:00:00,225
2019-07-20 20:00:00,224
2019-07-21 20:00:00,219
2019-07-22 20:00:00,217
2019-07-23 20:00:00,218
2019-07-24 20:00:00,213
2019-07-25 20:00:00,219
2019-07-26 20:00:00,217
2019-07-27 20:00:00,206
2019-07-28 20:00:00,213
2019-07-29 20:00:00,216
2019-07-30 20:00:00,216
2019-07-31 20:00:00,216
2019-08-01 20:00:00,211
2019-08-02 20:00:00,218
2019-08-03 20:00:00,214
2019-08-04 20:00:00,215
2019-08-05 20:00:00,213
2019-08-06 20:00:00,205
2019-08-07 20:00:00,179
2019-08-08 20:00:00,165
2019-08-09 20:00:00,160
2019-08-10 20:00:00,160
2019-08-11 20:00:00,167
2019-08-12 20:00:00,173
2019-08-13 20:00:00,172
2019-08-14 20:00:00,174
2019-08-15 20:00:00,170
2019-08-16 20:00:00,171
2019-08-17 20:00:00,174
2019-08-18 20:00:00,182
2019-08-19 20:00:00,188
2019-08-20 20:00:00,189
2019-08-21 20:00:00,218
2019-08-22 20:00:00,229
2019-08-23 20:00:00,241
2019-08-24 20:00:00,243
2019-08-25 20:00:00,258
2019-08-26 20:00:00,277
2019-08-27 20:00:00,287
2019-08-28 20:00:00,286
2019-08-29 20:00:00,282
2019-08-30 20:00:00,266
2019-08-31 20:00:00,269
2019-09-01 20:00:00,280
2019-09-02 20:00:00,283
2019-09-03 20:00:00,283
2019-09-04 20:00:00,282
2019-09-05 20:00:00,277
2019-09-06 20:00:00,272
2019-09-07 20:00:00,274
2019-09-08 20:00:00,274
2019-09-09 20:00:00,277
2019-09-10 20:00:00,297
2019-09-11 20:00:00,297
2019-09-12 20:00:00,274
2019-09-13 20:00:00,266
2019-09-14 20:00:00,271
2019-09-15 20:00:00,283
2019-09-16 20:00:00,275
2019-09-17 20:00:00,273
2019-09-18 20:00:00,268
2019-09-19 20:00:00,269
2019-09-20 20:00:00,263
2019-09-21 20:00:00,281
2019-09-22 20:00:00,299
2019-09-23 20:00:00,278
2019-09-24 20:00:00,279
2019-09-25 20:00:00,283
2019-09-26 20:00:00,272
2019-09-27 20:00:00,267
2019-09-28 20:00:00,273
2019-09-29 20:00:00,275
2019-09-30 20:00:00,282
2019-10-01 20:00:00,291
2019-10-02 20:00:00,274
2019-10-03 20:00:00,272
2019-10-04 20:00:00,253
2019-10-05 20:00:00,253
2019-10-06 20:00:00,273
2019-10-07 20:00:00,264
2019-10-08 20:00:00,264
2019-10-09 20:00:00,264
2019-10-10 20:00:00,254
2019-10-11 20:00:00,227
2019-10-12 20:00:00,228
2019-10-13 20:00:00,237
2019-10-14 20:00:00,245
2019-10-15 20:00:00,266
2019-10-16 20:00:00,264
2019-10-17 20:00:00,262
2019-10-18 20:00:00,250
2019-10-19 20:00:00,253
2019-10-20 20:00:00,263
2019-10-21 20:00:00,269
2019-10-22 20:00:00,263
2019-10-23 20:00:00,260
2019-10-24 20:00:00,266
2019-10-25 20:00:00,251
2019-10-26 20:00:00,254
2019-10-27 20:00:00,261
2019-10-28 20:00:00,262
2019-10-29 20:00:00,270
2019-10-30 20:00:00,265
2019-10-31 20:00:00,264
2019-11-01 20:00:00,250
2019-11-02 20:00:00,244
2019-11-03 19:00:00,262
2019-11-04 19:00:00,268
2019-11-05 19:00:00,266
2019-11-06 19:00:00,259
2019-11-07 19:00:00,263
2019-11-08 19:00:00,258
2019-11-09 19:00:00,256
2019-11-10 19:00:00,263
2019-11-11 19:00:00,271
2019-11-12 19:00:00,267
2019-11-13 19:00:00,267
2019-11-14 19:00:00,261
2019-11-15 19:00:00,250
2019-11-16 19:00:00,253
2019-11-17 19:00:00,263
2019-11-18 19:00:00,262
2019-11-19 19:00:00,262
2019-11-20 19:00:00,266
2019-11-21 19:00:00,265
2019-11-22 19:00:00,253
2019-11-23 19:00:00,255
2019-11-24 19:00:00,261
2019-11-25 19:00:00,253
2019-11-26 19:00:00,186
2019-11-27 19:00:00,174
2019-11-28 19:00:00,172
2019-11-29 19:00:00,174
2019-11-30 19:00:00,221
2019-12-01 19:00:00,245
2019-12-02 19:00:00,256
2019-12-03 19:00:00,263
2019-12-04 19:00:00,263
2019-12-05 19:00:00,263
2019-12-06 19:00:00,256
2019-12-07 19:00:00,257
2019-12-08 19:00:00,264
2019-12-09 19:00:00,265
2019-12-10 19:00:00,268
2019-12-11 19:00:00,272
2019-12-12 19:00:00,266
2019-12-13 19:00:00,255
2019-12-14 19:00:00,249
2019-12-15 19:00:00,265
2019-12-16 19:00:00,264
2019-12-17 19:00:00,262
2019-12-18 19:00:00,261
2019-12-19 19:00:00,253
2019-12-20 19:00:00,218
2019-12-21 19:00:00,181
2019-12-22 19:00:00,177
2019-12-23 19:00:00,157
2019-12-24 19:00:00,147
2019-12-25 19:00:00,146
2019-12-26 19:00:00,144
2019-12-27 19:00:00,146
2019-12-28 19:00:00,146
2019-12-29 19:00:00,144
2019-12-30 19:00:00,144
2019-12-31 19:00:00,146
2020-01-01 19:00:00,150
2020-01-02 19:00:00,151
2020-01-03 19:00:00,153
2020-01-04 19:00:00,153
2020-01-05 19:00:00,156
2020-01-06 19:00:00,158
2020-01-07 19:00:00,156
2020-01-08 19:00:00,162
2020-01-09 19:00:00,159
2020-01-10 19:00:00,157
2020-01-11 19:00:00,155
2020-01-12 19:00:00,163
2020-01-13 19:00:00,167
2020-01-14 19:00:00,185
2020-01-15 19:00:00,204
2020-01-16 19:00:00,232
2020-01-17 19:00:00,227
2020-01-18 19:00:00,232
2020-01-19 19:00:00,249
2020-01-20 19:00:00,256
2020-01-21 19:00:00,257
2020-01-22 19:00:00,261
2020-01-23 19:00:00,258
2020-01-24 19:00:00,251
2020-01-25 19:00:00,250
2020-01-26 19:00:00,256
2020-01-27 19:00:00,257
2020-01-28 19:00:00,259
2020-01-29 19:00:00,260
2020-01-30 19:00:00,261
2020-01-31 19:00:00,247
2020-02-01 19:00:00,249
2020-02-02 19:00:00,251
2020-02-03 19:00:00,254
2020-02-04 19:00:00,256
2020-02-05 19:00:00,262
2020-02-06 19:00:00,258
2020-02-07 19:00:00,254
2020-02-08 19:00:00,255
2020-02-09 19:00:00,264
2020-02-10 19:00:00,257
2020-02-11 19:00:00,261
2020-02-12 19:00:00,263
2020-02-13 19:00:00,266
2020-02-14 19:00:00,262
2020-02-15 19:00:00,252
2020-02-16 19:00:00,259
2020-02-17 19:00:00,257
2020-02-18 19:00:00,256
2020-02-19 19:00:00,263
2020-02-20 19:00:00,262
2020-02-21 19:00:00,232
2020-02-22 19:00:00,225
2020-02-23 19:00:00,238
2020-02-24 19:00:00,243
2020-02-25 19:00:00,252
2020-02-26 19:00:00,265
2020-02-27 19:00:00,263
2020-02-28 19:00:00,246
2020-02-29 19:00:00,251
2020-03-01 19:00:00,250
2020-03-02 19:00:00,252
2020-03-03 19:00:00,252
2020-03-04 19:00:00,253
2020-03-05 19:00:00,256
2020-03-06 19:00:00,242
2020-03-07 19:00:00,249
2020-03-08 20:00:00,251
2020-03-09 20:00:00,249
2020-03-10 20:00:00,239
2020-03-11 20:00:00,243
2020-03-12 20:00:00,242
2020-03-13 20:00:00,226
2020-03-14 20:00:00,222
2020-03-15 20:00:00,227
2020-03-16 20:00:00,215
2020-03-17 20:00:00,207
2020-03-18 20:00:00,208
2020-03-19 20:00:00,197
2020-03-20 20:00:00,202
2020-03-21 20:00:00,197
2020-03-22 20:00:00,199
2020-03-23 20:00:00,194
2020-03-24 20:00:00,195
2020-03-25 20:00:00,191
2020-03-26 20:00:00,192
2020-03-27 20:00:00,167
2020-03-28 20:00:00,159
2020-03-29 20:00:00,160
2020-03-30 20:00:00,161
2020-03-31 20:00:00,155
2020-04-01 20:00:00,156
2020-04-02 20:00:00,149
2020-04-03 20:00:00,145
2020-04-04 20:00:00,143
2020-04-05 20:00:00,142
2020-04-06 20:00:00,141
2020-04-07 20:00:00,142
2020-04-08 20:00:00,143
2020-04-09 20:00:00,145
2020-04-10 20:00:00,143
2020-04-11 20:00:00,141
2020-04-12 20:00:00,142
2020-04-13 20:00:00,142
2020-04-14 20:00:00,146
2020-04-15 20:00:00,143
2020-04-16 20:00:00,143
2020-04-17 20:00:00,141
2020-04-18 20:00:00,138
2020-04-19 20:00:00,137
2020-04-20 20:00:00,137
2020-04-21 20:00:00,139
2020-04-22 20:00:00,141
2020-04-23 20:00:00,136
2020-04-24 20:00:00,134
2020-04-25 20:00:00,137
2020-04-26 20:00:00,137
2020-04-27 20:00:00,132
2020-04-28 20:00:00,132
2020-04-29 20:00:00,133
2020-04-30 20:00:00,132
2020-05-01 20:00:00,131
2020-05-02 20:00:00,130
2020-05-03 20:00:00,132
2020-05-04 20:00:00,134
2020-05-05 20:00:00,134
2020-05-06 20:00:00,130
2020-05-07 20:00:00,139
2020-05-08 20:00:00,143
2020-05-09 20:00:00,139
2020-05-10 20:00:00,139
2020-05-11 20:00:00,140
2020-05-12 20:00:00,129
2020-05-13 20:00:00,124
2020-05-14 20:00:00,126
2020-05-15 20:00:00,128
2020-05-16 20:00:00,124
2020-05-17 20:00:00,128
2020-05-18 20:00:00,125
2020-05-19 20:00:00,124
2020-05-20 20:00:00,125
2020-05-21 20:00:00,127
2020-05-22 20:00:00,127
2020-05-23 20:00:00,122
2020-05-24 20:00:00,122
2020-05-25 20:00:00,129
2020-05-26 20:00:00,131
2020-05-27 20:00:00,133
2020-05-28 20:00:00,135
2020-05-29 20:00:00,127
2020-05-30 20:00:00,124
2020-05-31 20:00:00,126
2020-06-01 20:00:00,123
2020-06-02 20:00:00,127
2020-06-03 20:00:00,129
2020-06-04 20:00:00,132
2020-06-05 20:00:00,127
2020-06-06 20:00:00,122
2020-06-07 20:00:00,128
2020-06-08 20:00:00,129
2020-06-09 20:00:00,132
2020-06-10 20:00:00,137
2020-06-11 20:00:00,134
2020-06-12 20:00:00,129
2020-06-13 20:00:00,129
2020-06-14 20:00:00,130
2020-06-15 20:00:00,131
2020-06-16 20:00:00,136
2020-06-17 20:00:00,137
2020-06-18 20:00:00,133
2020-06-19 20:00:00,133
2020-06-20 20:00:00,136
2020-06-21 20:00:00,147
2020-06-22 20:00:00,157
2020-06-23 20:00:00,155
2020-06-24 20:00:00,146
2020-06-25 20:00:00,149
2020-06-26 20:00:00,138
2020-06-27 20:00:00,141
2020-06-28 20:00:00,149
2020-06-29 20:00:00,149
2020-06-30 20:00:00,144
2020-07-01 20:00:00,143
2020-07-02 20:00:00,133
2020-07-03 20:00:00,137
2020-07-04 20:00:00,135
2020-07-05 20:00:00,150
2020-07-06 20:00:00,164
2020-07-07 20:00:00,171
2020-07-08 20:00:00,159
2020-07-09 20:00:00,165
2020-07-10 20:00:00,154
2020-07-11 20:00:00,152
2020-07-12 20:00:00,159
2020-07-13 20:00:00,159
2020-07-14 20:00:00,160
2020-07-15 20:00:00,154
2020-07-16 20:00:00,159
2020-07-17 20:00:00,152
2020-07-18 20:00:00,154
2020-07-19 20:00:00,160
2020-07-20 20:00:00,154
2020-07-21 20:00:00,155
2020-07-22 20:00:00,159
2020-07-23 20:00:00,160
2020-07-24 20:00:00,164
2020-07-25 20:00:00,165
2020-07-26 20:00:00,169
2020-07-27 20:00:00,161
2020-07-28 20:00:00,158
2020-07-29 20:00:00,157
2020-07-30 20:00:00,156
2020-07-31 20:00:00,154
2020-08-01 20:00:00,156
2020-08-02 20:00:00,161
2020-08-03 20:00:00,160
2020-08-04 20:00:00,165
2020-08-05 20:00:00,166
2020-08-06 20:00:00,164
2020-08-07 20:00:00,165
2020-08-08 20:00:00,166
2020-08-09 20:00:00,171
2020-08-10 20:00:00,170
2020-08-11 20:00:00,171
2020-08-12 20:00:00,169
2020-08-13 20:00:00,167
2020-08-14 20:00:00,164
2020-08-15 20:00:00,162
2020-08-16 20:00:00,167
2020-08-17 20:00:00,167
2020-08-18 20:00:00,170
2020-08-19 20:00:00,166
2020-08-20 20:00:00,169
2020-08-21 20:00:00,170
2020-08-22 20:00:00,192
2020-08-23 20:00:00,210
2020-08-24 20:00:00,225
2020-08-25 20:00:00,216
2020-08-26 20:00:00,218
2020-08-27 20:00:00,225
2020-08-28 20:00:00,216
2020-08-29 20:00:00,218
2020-08-30 20:00:00,219
2020-08-31 20:00:00,230
2020-09-01 20:00:00,231
2020-09-02 20:00:00,237
2020-09-03 20:00:00,228
2020-09-04 20:00:00,214
2020-09-05 20:00:00,222
2020-09-06 20:00:00,223
2020-09-07 20:00:00,232
2020-09-08 20:00:00,238
2020-09-09 20:00:00,237
2020-09-10 20:00:00,226
2020-09-11 20:00:00,215
2020-09-12 20:00:00,217
2020-09-13 20:00:00,227
2020-09-14 20:00:00,221
2020-09-15 20:00:00,220
2020-09-16 20:00:00,229
2020-09-17 20:00:00,222
2020-09-18 20:00:00,212
2020-09-19 20:00:00,211
2020-09-20 20:00:00,223
2020-09-21 20:00:00,220
2020-09-22 20:00:00,219
2020-09-23 20:00:00,223
2020-09-24 20:00:00,223
2020-09-25 20:00:00,221
2020-09-26 20:00:00,221
2020-09-27 20:00:00,233
2020-09-28 20:00:00,235
2020-09-29 20:00:00,226
2020-09-30 20:00:00,230
2020-10-01 20:00:00,226
2020-10-02 20:00:00,213
2020-10-03 20:00:00,218
2020-10-04 20:00:00,223
2020-10-05 20:00:00,223
2020-10-06 20:00:00,222
2020-10-07 20:00:00,215
2020-10-08 20:00:00,221
2020-10-09 20:00:00,213
2020-10-10 20:00:00,220
2020-10-11 20:00:00,216
2020-10-12 20:00:00,222
2020-10-13 20:00:00,211
2020-10-14 20:00:00,216
2020-10-15 20:00:00,220
2020-10-16 20:00:00,213
2020-10-17 20:00:00,214
2020-10-18 20:00:00,221
2020-10-19 20:00:00,223
2020-10-20 20:00:00,221
2020-10-21 20:00:00,218
2020-10-22 20:00:00,216
2020-10-23 20:00:00,212
2020-10-24 20:00:00,219
2020-10-25 20:00:00,225
2020-10-26 20:00:00,220
2020-10-27 20:00:00,223
2020-10-28 20:00:00,226
2020-10-29 20:00:00,222
2020-10-30 20:00:00,211
2020-10-31 20:00:00,209
2020-11-01 19:00:00,217
2020-11-02 19:00:00,220
2020-11-03 19:00:00,221
2020-11-04 19:00:00,220
2020-11-05 19:00:00,226
2020-11-06 19:00:00,218
2020-11-07 19:00:00,213
2020-11-08 19:00:00,229
2020-11-09 19:00:00,228
2020-11-10 19:00:00,227
2020-11-11 19:00:00,221
2020-11-12 19:00:00,220
2020-11-13 19:00:00,211
2020-11-14 19:00:00,210
2020-11-15 19:00:00,222
2020-11-16 19:00:00,221
2020-11-17 19:00:00,222
2020-11-18 19:00:00,220
2020-11-19 19:00:00,211
2020-11-20 19:00:00,206
2020-11-21 19:00:00,204
2020-11-22 19:00:00,198
2020-11-23 19:00:00,199
2020-11-24 19:00:00,186
2020-11-25 19:00:00,151
2020-11-26 19:00:00,146
2020-11-27 19:00:00,151
2020-11-28 19:00:00,156
2020-11-29 19:00:00,158
2020-11-30 19:00:00,153
2020-12-01 19:00:00,154
2020-12-02 19:00:00,158
2020-12-03 19:00:00,157
2020-12-04 19:00:00,150
2020-12-05 19:00:00,152
2020-12-06 19:00:00,159
2020-12-07 19:00:00,165
2020-12-08 19:00:00,157
2020-12-09 19:00:00,150
2020-12-10 19:00:00,153
2020-12-11 19:00:00,148
2020-12-12 19:00:00,147
2020-12-13 19:00:00,152
2020-12-14 19:00:00,156
2020-12-15 19:00:00,158
2020-12-16 19:00:00,151
2020-12-17 19:00:00,154
2020-12-18 19:00:00,154
2020-12-19 19:00:00,150
2020-12-20 19:00:00,149
2020-12-21 19:00:00,144
2020-12-22 19:00:00,141
2020-12-23 19:00:00,122
2020-12-24 19:00:00,125
2020-12-25 19:00:00,129
2020-12-26 19:00:00,128
2020-12-27 19:00:00,125
2020-12-28 19:00:00,127
2020-12-29 19:00:00,129
2020-12-30 19:00:00,126
2020-12-31 19:00:00,127
2021-01-01 19:00:00,123
2021-01-02 19:00:00,119
2021-01-03 19:00:00,122
2021-01-04 19:00:00,125
2021-01-05 19:00:00,128
2021-01-06 19:00:00,128
2021-01-07 19:00:00,128
2021-01-08 19:00:00,128
2021-01-09 19:00:00,126
2021-01-10 19:00:00,131
2021-01-11 19:00:00,125
2021-01-12 19:00:00,126
2021-01-13 19:00:00,130
2021-01-14 19:00:00,133
2021-01-15 19:00:00,131
2021-01-16 19:00:00,131
2021-01-17 19:00:00,133
2021-01-18 19:00:00,137
2021-01-19 19:00:00,149
2021-01-20 19:00:00,154
2021-01-21 19:00:00,150
2021-01-22 19:00:00,163
2021-01-23 19:00:00,165
2021-01-24 19:00:00,178
2021-01-25 19:00:00,174
2021-01-26 19:00:00,176
2021-01-27 19:00:00,198
2021-01-28 19:00:00,201
2021-01-29 19:00:00,198
2021-01-30 19:00:00,204
2021-01-31 19:00:00,209
2021-02-01 19:00:00,205
2021-02-02 19:00:00,206
2021-02-03 19:00:00,216
2021-02-04 19:00:00,210
2021-02-05 19:00:00,206
2021-02-06 19:00:00,211
2021-02-07 19:00:00,226
2021-02-08 19:00:00,223
2021-02-09 19:00:00,225
2021-02-10 19:00:00,227
2021-02-11 19:00:00,227
2021-02-12 19:00:00,217
2021-02-13 19:00:00,215
2021-02-14 19:00:00,229
2021-02-15 19:00:00,226
2021-02-16 19:00:00,223
2021-02-17 19:00:00,230
2021-02-18 19:00:00,217
2021-02-19 19:00:00,211
2021-02-20 19:00:00,219
2021-02-21 19:00:00,224
2021-02-22 19:00:00,222
2021-02-23 19:00:00,217
2021-02-24 19:00:00,221
2021-02-25 19:00:00,220
2021-02-26 19:00:00,206
2021-02-27 19:00:00,207
2021-02-28 19:00:00,222
2021-03-01 19:00:00,228
2021-03-02 19:00:00,225
2021-03-03 19:00:00,222
2021-03-04 19:00:00,224
2021-03-05 19:00:00,219
2021-03-06 19:00:00,218
2021-03-07 19:00:00,225
2021-03-08 19:00:00,214
2021-03-09 19:00:00,218
2021-03-10 19:00:00,215
2021-03-11 19:00:00,221
2021-03-12 19:00:00,208
2021-03-13 19:00:00,216
2021-03-14 20:00:00,227
2021-03-15 20:00:00,227
2021-03-16 20:00:00,226
2021-03-17 20:00:00,217
2021-03-18 20:00:00,222
2021-03-19 20:00:00,210
2021-03-20 20:00:00,212
2021-03-21 20:00:00,219
2021-03-22 20:00:00,220
2021-03-23 20:00:00,220
2021-03-24 20:00:00,215
2021-03-25 20:00:00,214
2021-03-26 20:00:00,211
2021-03-27 20:00:00,209
2021-03-28 20:00:00,223
2021-03-29 20:00:00,218
2021-03-30 20:00:00,220
2021-03-31 20:00:00,226
2021-04-01 20:00:00,224
2021-04-02 20:00:00,214
2021-04-03 20:00:00,214
2021-04-04 20:00:00,224
2021-04-05 20:00:00,220
2021-04-06 20:00:00,219
2021-04-07 20:00:00,223
2021-04-08 20:00:00,215
2021-04-09 20:00:00,211
2021-04-10 20:00:00,214
2021-04-11 20:00:00,220
2021-04-12 20:00:00,231
2021-04-13 20:00:00,240
2021-04-14 20:00:00,221
2021-04-15 20:00:00,214
2021-04-16 20:00:00,205
2021-04-17 20:00:00,210
2021-04-18 20:00:00,220
2021-04-19 20:00:00,220
2021-04-20 20:00:00,220
2021-04-21 20:00:00,221
2021-04-22 20:00:00,216
2021-04-23 20:00:00,206
2021-04-24 20:00:00,199
2021-04-25 20:00:00,213
2021-04-26 20:00:00,217
2021-04-27 20:00:00,217
2021-04-28 20:00:00,220
2021-04-29 20:00:00,214
2021-04-30 20:00:00,209
2021-05-01 20:00:00,210
2021-05-02 20:00:00,219
2021-05-03 20:00:00,220
2021-05-04 20:00:00,218
2021-05-05 20:00:00,219
2021-05-06 20:00:00,213
2021-05-07 20:00:00,210
2021-05-08 20:00:00,210
2021-05-09 20:00:00,217
2021-05-10 20:00:00,217
2021-05-11 20:00:00,220
2021-05-12 20:00:00,219
2021-05-13 20:00:00,212
2021-05-14 20:00:00,196
2021-05-15 20:00:00,205
2021-05-16 20:00:00,214
2021-05-17 20:00:00,211
2021-05-18 20:00:00,216
2021-05-19 20:00:00,213
2021-05-20 20:00:00,226
2021-05-21 20:00:00,216
2021-05-22 20:00:00,218
2021-05-23 20:00:00,212
2021-05-24 20:00:00,206
2021-05-25 20:00:00,189
2021-05-26 20:00:00,154
2021-05-27 20:00:00,145
2021-05-28 20:00:00,146
2021-05-29 20:00:00,139
2021-05-30 20:00:00,135
2021-05-31 20:00:00,134
2021-06-01 20:00:00,137
2021-06-02 20:00:00,136
2021-06-03 20:00:00,141
2021-06-04 20:00:00,141
2021-06-05 20:00:00,146
2021-06-06 20:00:00,146
2021-06-07 20:00:00,146
2021-06-08 20:00:00,151
2021-06-09 20:00:00,153
2021-06-10 20:00:00,148
2021-06-11 20:00:00,141
2021-06-12 20:00:00,142
2021-06-13 20:00:00,148
2021-06-14 20:00:00,148
2021-06-15 20:00:00,151
2021-06-16 20:00:00,146
2021-06-17 20:00:00,146
2021-06-18 20:00:00,148
2021-06-19 20:00:00,147
2021-06-20 20:00:00,153
2021-06-21 20:00:00,151
2021-06-22 20:00:00,153
2021-06-23 20:00:00,147
2021-06-24 20:00:00,148
2021-06-25 20:00:00,150
2021-06-26 20:00:00,156
2021-06-27 20:00:00,158
2021-06-28 20:00:00,161
2021-06-29 20:00:00,161
2021-06-30 20:00:00,154
2021-07-01 20:00:00,150
2021-07-02 20:00:00,141
2021-07-03 20:00:00,140
2021-07-04 20:00:00,142
2021-07-05 20:00:00,154
2021-07-06 20:00:00,161
2021-07-07 20:00:00,156
2021-07-08 20:00:00,156
2021-07-09 20:00:00,149
2021-07-10 20:00:00,147
2021-07-11 20:00:00,151
2021-07-12 20:00:00,155
2021-07-13 20:00:00,154
2021-07-14 20:00:00,158
2021-07-15 20:00:00,158
2021-07-16 20:00:00,153
2021-07-17 20:00:00,154
2021-07-18 20:00:00,155
2021-07-19 20:00:00,161
2021-07-20 20:00:00,163
2021-07-21 20:00:00,157
2021-07-22 20:00:00,151
2021-07-23 20:00:00,147
2021-07-24 20:00:00,151
2021-07-25 20:00:00,154
2021-07-26 20:00:00,160
2021-07-27 20:00:00,164
2021-07-28 20:00:00,162
2021-07-29 20:00:00,158
2021-07-30 20:00:00,149
2021-07-31 20:00:00,150
2021-08-01 20:00:00,154
2021-08-02 20:00:00,153
2021-08-03 20:00:00,150
2021-08-04 20:00:00,160
2021-08-05 20:00:00,157
2021-08-06 20:00:00,150
2021-08-07 20:00:00,154
2021-08-08 20:00:00,163
2021-08-09 20:00:00,166
2021-08-10 20:00:00,164
2021-08-11 20:00:00,164
2021-08-12 20:00:00,161
2021-08-13 20:00:00,154
2021-08-14 20:00:00,149
2021-08-15 20:00:00,156
2021-08-16 20:00:00,167
2021-08-17 20:00:00,174
2021-08-18 20:00:00,194
2021-08-19 20:00:00,214
2021-08-20 20:00:00,208
2021-08-21 20:00:00,221
2021-08-22 20:00:00,249
2021-08-23 20:00:00,252
2021-08-24 20:00:00,254
2021-08-25 20:00:00,256
2021-08-26 20:00:00,260
2021-08-27 20:00:00,247
2021-08-28 20:00:00,252
2021-08-29 20:00:00,261
2021-08-30 20:00:00,257
2021-08-31 20:00:00,249
2021-09-01 20:00:00,241
2021-09-02 20:00:00,245
2021-09-03 20:00:00,229
2021-09-04 20:00:00,234
2021-09-05 20:00:00,236
2021-09-06 20:00:00,241
2021-09-07 20:00:00,243
2021-09-08 20:00:00,242
2021-09-09 20:00:00,242
2021-09-10 20:00:00,231
2021-09-11 20:00:00,242
2021-09-12 20:00:00,245
2021-09-13 20:00:00,248
2021-09-14 20:00:00,259
2021-09-15 20:00:00,248
2021-09-16 20:00:00,249
2021-09-17 20:00:00,245
2021-09-18 20:00:00,237
2021-09-19 20:00:00,246
2021-09-20 20:00:00,242
2021-09-21 20:00:00,246
2021-09-22 20:00:00,245
2021-09-23 20:00:00,240
2021-09-24 20:00:00,236
2021-09-25 20:00:00,234
2021-09-26 20:00:00,238
2021-09-27 20:00:00,238
2021-09-28 20:00:00,237
2021-09-29 20:00:00,230
2021-09-30 20:00:00,239
2021-10-01 20:00:00,234
2021-10-02 20:00:00,236
2021-10-03 20:00:00,242
2021-10-04 20:00:00,239
2021-10-05 20:00:00,242
2021-10-06 20:00:00,233
2021-10-07 20:00:00,230
2021-10-08 20:00:00,212
2021-10-09 20:00:00,214
2021-10-10 20:00:00,216
2021-10-11 20:00:00,229
2021-10-12 20:00:00,243
2021-10-13 20:00:00,233
2021-10-14 20:00:00,247
2021-10-15 20:00:00,238
2021-10-16 20:00:00,236
2021-10-17 20:00:00,241
2021-10-18 20:00:00,242
2021-10-19 20:00:00,235
2021-10-20 20:00:00,232
2021-10-21 20:00:00,235
2021-10-22 20:00:00,227
2021-10-23 20:00:00,227
2021-10-24 20:00:00,224
2021-10-25 20:00:00,230
2021-10-26 20:00:00,232
2021-10-27 20:00:00,239
2021-10-28 20:00:00,232
2021-10-29 20:00:00,226
2021-10-30 20:00:00,221
2021-10-31 20:00:00,231
2021-11-01 20:00:00,237
2021-11-02 20:00:00,239
2021-11-03 20:00:00,234
2021-11-04 20:00:00,238
2021-11-05 20:00:00,225
2021-11-06 20:00:00,225
2021-11-07 19:00:00,233
2021-11-08 19:00:00,234
2021-11-09 19:00:00,238
2021-11-10 19:00:00,241
2021-11-11 19:00:00,239
2021-11-12 19:00:00,238
2021-11-13 19:00:00,227
2021-11-14 19:00:00,240
2021-11-15 19:00:00,254
2021-11-16 19:00:00,247
2021-11-17 19:00:00,232
2021-11-18 19:00:00,236
2021-11-19 19:00:00,223
2021-11-20 19:00:00,229
2021-11-21 19:00:00,235
2021-11-22 19:00:00,229
2021-11-23 19:00:00,200
2021-11-24 19:00:00,163
2021-11-25 19:00:00,166
2021-11-26 19:00:00,169
2021-11-27 19:00:00,215
2021-11-28 19:00:00,235
2021-11-29 19:00:00,238
2021-11-30 19:00:00,239
2021-12-01 19:00:00,237
2021-12-02 19:00:00,233
2021-12-03 19:00:00,233
2021-12-04 19:00:00,234
2021-12-05 19:00:00,242
2021-12-06 19:00:00,238
2021-12-07 19:00:00,241
2021-12-08 19:00:00,243
2021-12-09 19:00:00,238
2021-12-10 19:00:00,228
2021-12-11 19:00:00,229
2021-12-12 19:00:00,239
2021-12-13 19:00:00,231
2021-12-14 19:00:00,229
2021-12-15 19:00:00,214
2021-12-16 19:00:00,213
2021-12-17 19:00:00,199
2021-12-18 19:00:00,168
2021-12-19 19:00:00,160
2021-12-20 19:00:00,158
2021-12-21 19:00:00,158
2021-12-22 19:00:00,147
2021-12-23 19:00:00,142
2021-12-24 19:00:00,136
2021-12-25 19:00:00,138
2021-12-26 19:00:00,139
2021-12-27 19:00:00,135
2021-12-28 19:00:00,134
2021-12-29 19:00:00,132
2021-12-30 19:00:00,132
2021-12-31 19:00:00,130
2022-01-01 19:00:00,133
2022-01-02 19:00:00,141
2022-01-03 19:00:00,137
2022-01-04 19:00:00,135
2022-01-05 19:00:00,134
2022-01-06 19:00:00,135
2022-01-07 19:00:00,138
2022-01-08 19:00:00,136
2022-01-09 19:00:00,138
2022-01-10 19:00:00,146
2022-01-11 19:00:00,143
2022-01-12 19:00:00,146
2022-01-13 19:00:00,143
2022-01-14 19:00:00,151
2022-01-15 19:00:00,155
2022-01-16 19:00:00,150
2022-01-17 19:00:00,172
2022-01-18 19:00:00,191
2022-01-19 19:00:00,201
2022-01-20 19:00:00,212
2022-01-21 19:00:00,213
2022-01-22 19:00:00,211
2022-01-23 19:00:00,228
2022-01-24 19:00:00,223
2022-01-25 19:00:00,227
2022-01-26 19:00:00,233
2022-01-27 19:00:00,236
2022-01-28 19:00:00,237
2022-01-29 19:00:00,237
2022-01-30 19:00:00,249
2022-01-31 19:00:00,247
2022-02-01 19:00:00,241
2022-02-02 19:00:00,235
2022-02-03 19:00:00,228
2022-02-04 19:00:00,230
2022-02-05 19:00:00,234
2022-02-06 19:00:00,230
2022-02-07 19:00:00,237
2022-02-08 19:00:00,239
2022-02-09 19:00:00,233
2022-02-10 19:00:00,231
2022-02-11 19:00:00,223
2022-02-12 19:00:00,230
2022-02-13 19:00:00,239
2022-02-14 19:00:00,242
2022-02-15 19:00:00,245
2022-02-16 19:00:00,232
2022-02-17 19:00:00,237
2022-02-18 19:00:00,235
2022-02-19 19:00:00,234
2022-02-20 19:00:00,233
2022-02-21 19:00:00,225
2022-02-22 19:00:00,228
2022-02-23 19:00:00,237
2022-02-24 19:00:00,237
2022-02-25 19:00:00,213
2022-02-26 19:00:00,217
2022-02-27 19:00:00,223
2022-02-28 19:00:00,228
2022-03-01 19:00:00,236
2022-03-02 19:00:00,233
2022-03-03 19:00:00,240
2022-03-04 19:00:00,222
2022-03-05 19:00:00,216
2022-03-06 19:00:00,229
2022-03-07 19:00:00,225
2022-03-08 19:00:00,229
2022-03-09 19:00:00,231
2022-03-10 19:00:00,224
2022-03-11 19:00:00,217
2022-03-12 19:00:00,223
2022-03-13 20:00:00,226
2022-03-14 20:00:00,225
2022-03-15 20:00:00,223
2022-03-16 20:00:00,224
2022-03-17 20:00:00,224
2022-03-18 20:00:00,219
2022-03-19 20:00:00,219
2022-03-20 20:00:00,232
2022-03-21 20:00:00,232
2022-03-22 20:00:00,228
2022-03-23 20:00:00,232
2022-03-24 20:00:00,231
2022-03-25 20:00:00,224
2022-03-26 20:00:00,219
2022-03-27 20:00:00,241
2022-03-28 20:00:00,240
2022-03-29 20:00:00,237
2022-03-30 20:00:00,229
2022-03-31 20:00:00,234
2022-04-01 20:00:00,200
2022-04-02 20:00:00,198
2022-04-03 20:00:00,196
2022-04-04 20:00:00,193
2022-04-05 20:00:00,189
2022-04-06 20:00:00,193
2022-04-07 20:00:00,193
2022-04-08 20:00:00,190
2022-04-09 20:00:00,206
2022-04-10 20:00:00,219
2022-04-11 20:00:00,220
2022-04-12 20:00:00,222
2022-04-13 20:00:00,222
2022-04-14 20:00:00,217
2022-04-15 20:00:00,213
2022-04-16 20:00:00,213
2022-04-17 20:00:00,219
2022-04-18 20:00:00,227
2022-04-19 20:00:00,224
2022-04-20 20:00:00,219
2022-04-21 20:00:00,218
2022-04-22 20:00:00,215
2022-04-23 20:00:00,215
2022-04-24 20:00:00,222
2022-04-25 20:00:00,229
2022-04-26 20:00:00,221
2022-04-27 20:00:00,217
2022-04-28 20:00:00,219
2022-04-29 20:00:00,220
2022-04-30 20:00:00,218
2022-05-01 20:00:00,223
2022-05-02 20:00:00,226
2022-05-03 20:00:00,224
2022-05-04 20:00:00,223
2022-05-05 20:00:00,225
2022-05-06 20:00:00,218
2022-05-07 20:00:00,213
2022-05-08 20:00:00,225
2022-05-09 20:00:00,227
2022-05-10 20:00:00,227
2022-05-11 20:00:00,230
2022-05-12 20:00:00,238
2022-05-13 20:00:00,235
2022-05-14 20:00:00,234
2022-05-15 20:00:00,238
2022-05-16 20:00:00,228
2022-05-17 20:00:00,221
2022-05-18 20:00:00,224
2022-05-19 20:00:00,223
2022-05-20 20:00:00,214
2022-05-21 20:00:00,199
2022-05-22 20:00:00,168
2022-05-23 20:00:00,167
2022-05-24 20:00:00,169
2022-05-25 20:00:00,167
2022-05-26 20:00:00,182
2022-05-27 20:00:00,195
2022-05-28 20:00:00,181
2022-05-29 20:00:00,155
2022-05-30 20:00:00,181
2022-05-31 20:00:00,182
2022-06-01 20:00:00,174
2022-06-02 20:00:00,173
2022-06-03 20:00:00,171
2022-06-04 20:00:00,169
2022-06-05 20:00:00,146
2022-06-06 20:00:00,144
2022-06-07 20:00:00,144
2022-06-08 20:00:00,163
2022-06-09 20:00:00,154
2022-06-10 20:00:00,152
2022-06-11 20:00:00,154
2022-06-12 20:00:00,177
2022-06-13 20:00:00,179
2022-06-14 20:00:00,181
2022-06-15 20:00:00,192
2022-06-16 20:00:00,194
2022-06-17 20:00:00,183
2022-06-18 20:00:00,179
2022-06-19 20:00:00,183
2022-06-20 20:00:00,188
2022-06-21 20:00:00,190
2022-06-22 20:00:00,193
2022-06-23 20:00:00,190
2022-06-24 20:00:00,191
2022-06-25 20:00:00,200
2022-06-26 20:00:00,195
2022-06-27 20:00:00,198
2022-06-28 20:00:00,201
2022-06-29 20:00:00,196
2022-06-30 20:00:00,198
2022-07-01 20:00:00,187
2022-07-02 20:00:00,188
2022-07-03 20:00:00,183
2022-07-04 20:00:00,188
2022-07-05 20:00:00,188
2022-07-06 20:00:00,188
2022-07-07 20:00:00,185
2022-07-08 20:00:00,173
2022-07-09 20:00:00,177
2022-07-10 20:00:00,189
2022-07-11 20:00:00,198
2022-07-12 20:00:00,196
2022-07-13 20:00:00,193
2022-07-14 20:00:00,191
2022-07-15 20:00:00,188
2022-07-16 20:00:00,189
2022-07-17 20:00:00,201
2022-07-18 20:00:00,206
2022-07-19 20:00:00,211
2022-07-20 20:00:00,207
2022-07-21 20:00:00,206
2022-07-22 20:00:00,199
2022-07-23 20:00:00,202
2022-07-24 20:00:00,195
2022-07-25 20:00:00,196
2022-07-26 20:00:00,195
2022-07-27 20:00:00,190
2022-07-28 20:00:00,197
2022-07-29 20:00:00,189
2022-07-30 20:00:00,187
2022-07-31 20:00:00,196
2022-08-01 20:00:00,195
2022-08-02 20:00:00,185
2022-08-03 20:00:00,181
2022-08-04 20:00:00,174
2022-08-05 20:00:00,171
2022-08-06 20:00:00,175
2022-08-07 20:00:00,182
2022-08-08 20:00:00,184
2022-08-09 20:00:00,181
2022-08-10 20:00:00,174
2022-08-11 20:00:00,155
2022-08-12 20:00:00,165
2022-08-13 20:00:00,172
2022-08-14 20:00:00,189
2022-08-15 20:00:00,198
2022-08-16 20:00:00,198
2022-08-17 20:00:00,210
2022-08-18 20:00:00,219
2022-08-19 20:00:00,219
2022-08-20 20:00:00,225
2022-08-21 20:00:00,236
2022-08-22 20:00:00,237
2022-08-23 20:00:00,245
2022-08-24 20:00:00,243
2022-08-25 20:00:00,245
2022-08-26 20:00:00,239
2022-08-27 20:00:00,244
2022-08-28 20:00:00,259
2022-08-29 20:00:00,250
2022-08-30 20:00:00,245
2022-08-31 20:00:00,242
2022-09-01 20:00:00,245
2022-09-02 20:00:00,231
2022-09-03 20:00:00,236
2022-09-04 20:00:00,237
2022-09-05 20:00:00,237
2022-09-06 20:00:00,232
2022-09-07 20:00:00,234
2022-09-08 20:00:00,239
2022-09-09 20:00:00,227
2022-09-10 20:00:00,237
2022-09-11 20:00:00,236
2022-09-12 20:00:00,240
2022-09-13 20:00:00,242
2022-09-14 20:00:00,234
2022-09-15 20:00:00,235
2022-09-16 20:00:00,222
2022-09-17 20:00:00,229
2022-09-18 20:00:00,238
2022-09-19 20:00:00,234
2022-09-20 20:00:00,237
2022-09-21 20:00:00,232
2022-09-22 20:00:00,222
2022-09-23 20:00:00,212
2022-09-24 20:00:00,216
2022-09-25 20:00:00,223
2022-09-26 20:00:00,224
2022-09-27 20:00:00,222
2022-09-28 20:00:00,223
2022-09-29 20:00:00,218
2022-09-30 20:00:00,213
2022-10-01 20:00:00,213
2022-10-02 20:00:00,224
2022-10-03 20:00:00,224
2022-10-04 20:00:00,223
2022-10-05 20:00:00,222
2022-10-06 20:00:00,225
2022-10-07 20:00:00,203
2022-10-08 20:00:00,196
2022-10-09 20:00:00,199
2022-10-10 20:00:00,208
2022-10-11 20:00:00,224
2022-10-12 20:00:00,227
2022-10-13 20:00:00,225
2022-10-14 20:00:00,219
2022-10-15 20:00:00,216
2022-10-16 20:00:00,229
2022-10-17 20:00:00,221
2022-10-18 20:00:00,230
2022-10-19 20:00:00,221
2022-10-20 20:00:00,223
2022-10-21 20:00:00,211
2022-10-22 20:00:00,212
2022-10-23 20:00:00,226
2022-10-24 20:00:00,219
2022-10-25 20:00:00,225
2022-10-26 20:00:00,218
2022-10-27 20:00:00,217
2022-10-28 20:00:00,211
2022-10-29 20:00:00,209
2022-10-30 20:00:00,220
2022-10-31 20:00:00,219
2022-11-01 20:00:00,223
2022-11-02 20:00:00,218
2022-11-03 20:00:00,221
2022-11-04 20:00:00,211
2022-11-05 20:00:00,215
2022-11-06 19:00:00,230
2022-11-07 19:00:00,217
2022-11-08 19:00:00,216
2022-11-09 19:00:00,216
2022-11-10 19:00:00,220
2022-11-11 19:00:00,220
2022-11-12 19:00:00,217
2022-11-13 19:00:00,230
2022-11-14 19:00:00,223
2022-11-15 19:00:00,223
2022-11-16 19:00:00,226
2022-11-17 19:00:00,222
2022-11-18 19:00:00,211
2022-11-19 19:00:00,211
2022-11-20 19:00:00,219
2022-11-21 19:00:00,216
2022-11-22 19:00:00,196
2022-11-23 19:00:00,154
2022-11-24 19:00:00,150
2022-11-25 19:00:00,158
2022-11-26 19:00:00,187
2022-11-27 19:00:00,222
2022-11-28 19:00:00,223
2022-11-29 19:00:00,224
2022-11-30 19:00:00,223
2022-12-01 19:00:00,227
2022-12-02 19:00:00,211
2022-12-03 19:00:00,221
2022-12-04 19:00:00,222
2022-12-05 19:00:00,226
2022-12-06 19:00:00,232
2022-12-07 19:00:00,230
2022-12-08 19:00:00,220
2022-12-09 19:00:00,211
2022-12-10 19:00:00,218
2022-12-11 19:00:00,223
2022-12-12 19:00:00,220
2022-12-13 19:00:00,217
2022-12-14 19:00:00,216
2022-12-15 19:00:00,212
2022-12-16 19:00:00,198
2022-12-17 19:00:00,163
2022-12-18 19:00:00,155
2022-12-19 19:00:00,151
2022-12-20 19:00:00,143
2022-12-21 19:00:00,143
2022-12-22 19:00:00,133
2022-12-23 19:00:00,134
2022-12-24 19:00:00,134
2022-12-25 19:00:00,133
2022-12-26 19:00:00,130
2022-12-27 19:00:00,127
2022-12-28 19:00:00,126
2022-12-29 19:00:00,122
2022-12-30 19:00:00,123
2022-12-31 19:00:00,123
2023-01-01 19:00:00,123
2023-01-02 19:00:00,126
2023-01-03 19:00:00,124
2023-01-04 19:00:00,125
2023-01-05 19:00:00,128
2023-01-06 19:00:00,133
2023-01-07 19:00:00,133
2023-01-08 19:00:00,139
2023-01-09 19:00:00,140
2023-01-10 19:00:00,144
2023-01-11 19:00:00,142
2023-01-12 19:00:00,144
2023-01-13 19:00:00,150
2023-01-14 19:00:00,148
2023-01-15 19:00:00,151
2023-01-16 19:00:00,176
2023-01-17 19:00:00,198
2023-01-18 19:00:00,191
2023-01-19 19:00:00,198
2023-01-20 19:00:00,198
2023-01-21 19:00:00,210
2023-01-22 19:00:00,225
2023-01-23 19:00:00,228
2023-01-24 19:00:00,226
2023-01-25 19:00:00,232
2023-01-26 19:00:00,227
2023-01-27 19:00:00,219
2023-01-28 19:00:00,220
2023-01-29 19:00:00,230
2023-01-30 19:00:00,228
2023-01-31 19:00:00,232
2023-02-01 19:00:00,236
2023-02-02 19:00:00,229
2023-02-03 19:00:00,226
2023-02-04 19:00:00,213
2023-02-05 19:00:00,225
2023-02-06 19:00:00,231
2023-02-07 19:00:00,230
2023-02-08 19:00:00,228
2023-02-09 19:00:00,230
2023-02-10 19:00:00,218
2023-02-11 19:00:00,224
2023-02-12 19:00:00,234
2023-02-13 19:00:00,231
2023-02-14 19:00:00,230
2023-02-15 19:00:00,231
2023-02-16 19:00:00,231
2023-02-17 19:00:00,231
2023-02-18 19:00:00,228
2023-02-19 19:00:00,231
2023-02-20 19:00:00,231
2023-02-21 19:00:00,233
2023-02-22 19:00:00,239
2023-02-23 19:00:00,230
2023-02-24 19:00:00,219
2023-02-25 19:00:00,215
2023-02-26 19:00:00,221
2023-02-27 19:00:00,224
2023-02-28 19:00:00,232
2023-03-01 19:00:00,229
2023-03-02 19:00:00,232
2023-03-03 19:00:00,226
2023-03-04 19:00:00,227
2023-03-05 19:00:00,235
2023-03-06 19:00:00,229
2023-03-07 19:00:00,225
2023-03-08 19:00:00,230
2023-03-09 19:00:00,226
2023-03-10 19:00:00,213
2023-03-11 19:00:00,224
2023-03-12 20:00:00,226
2023-03-13 20:00:00,231
2023-03-14 20:00:00,223
2023-03-15 20:00:00,226
2023-03-16 20:00:00,223
2023-03-17 20:00:00,214
2023-03-18 20:00:00,220
2023-03-19 20:00:00,229
2023-03-20 20:00:00,223
2023-03-21 20:00:00,227
2023-03-22 20:00:00,232
2023-03-23 20:00:00,230
2023-03-24 20:00:00,220
2023-03-25 20:00:00,221
2023-03-26 20:00:00,229
2023-03-27 20:00:00,222
2023-03-28 20:00:00,224
2023-03-29 20:00:00,225
2023-03-30 20:00:00,216
2023-03-31 20:00:00,187
2023-04-01 20:00:00,186
2023-04-02 20:00:00,182
2023-04-03 20:00:00,187
2023-04-04 20:00:00,191
2023-04-05 20:00:00,201
2023-04-06 20:00:00,192
2023-04-07 20:00:00,194
2023-04-08 20:00:00,202
2023-04-09 20:00:00,223
2023-04-10 20:00:00,221

