time,temperature_2m (°F),precipitation (inch),cloudcover (%),cloudcover_low (%),cloudcover_mid (%),cloudcover_high (%),shortwave_radiation (W/m²),direct_radiation (W/m²),diffuse_radiation (W/m²),direct_normal_irradiance (W/m²)
2023-03-06T00:00,37,0,29,28,6,0,0,0,0,0
2023-03-06T01:00,36.7,0,12,13,0,0,0,0,0,0
2023-03-06T02:00,36,0,10,11,0,0,0,0,0,0
2023-03-06T03:00,35.3,0,5,6,0,0,0,0,0,0
2023-03-06T04:00,34.6,0,7,8,0,0,0,0,0,0
2023-03-06T05:00,33.9,0,3,3,0,0,0,0,0,0
2023-03-06T06:00,33.3,0,4,4,0,0,0,0,0,0
2023-03-06T07:00,33.3,0,4,4,0,0,0,0,0,0
2023-03-06T08:00,32.6,0,1,1,0,1,0,0,0,0
2023-03-06T09:00,32,0,12,6,1,19,0,0,0,0
2023-03-06T10:00,31.6,0,4,4,0,0,0,0,0,0
2023-03-06T11:00,31.4,0,0,0,0,0,0,0,0,0
2023-03-06T12:00,31.5,0,62,3,58,82,4,0,4,0
2023-03-06T13:00,32.4,0,92,4,97,100,74,1,73,0.2
2023-03-06T14:00,34.1,0,96,7,99,100,191,51,140,82.9
2023-03-06T15:00,35.4,0,100,25,100,100,244,22,222,105.6
2023-03-06T16:00,36.8,0,100,19,100,91,318,35,283,47.4
2023-03-06T17:00,38.2,0,98,21,95,75,382,51,331,60.5
2023-03-06T18:00,39.6,0,47,8,66,0,502,194,308,172
2023-03-06T19:00,40,0,32,3,48,0,554,365,189,431.2
2023-03-06T20:00,40.5,0,5,0,0,17,562,457,105,717.8
2023-03-06T21:00,40.2,0,48,0,30,100,422,343,79,855.6
2023-03-06T22:00,38.5,0,74,0,73,100,185,74,111,559
2023-03-06T23:00,36.2,0,90,0,100,100,34,1,33,113.9
2023-03-07T00:00,35.1,0,90,0,100,100,0,0,0,0
2023-03-07T01:00,34,0,90,0,100,100,0,0,0,0
2023-03-07T02:00,33.5,0,90,0,100,100,0,0,0,0
2023-03-07T03:00,33.1,0,90,0,100,100,0,0,0,0
2023-03-07T04:00,32.6,0,90,0,100,100,0,0,0,0
2023-03-07T05:00,32.4,0,90,0,100,100,0,0,0,0
2023-03-07T06:00,32.1,0,80,0,99,70,0,0,0,0
2023-03-07T07:00,32.7,0.008,66,0,96,29,0,0,0,0
2023-03-07T08:00,32.1,0.004,61,2,96,6,0,0,0,0
2023-03-07T09:00,31.7,0,46,4,68,6,0,0,0,0
2023-03-07T10:00,30.6,0,58,6,59,57,0,0,0,0
2023-03-07T11:00,29.1,0,48,2,47,61,0,0,0,0
2023-03-07T12:00,28,0,22,3,7,51,6,2,4,0
2023-03-07T13:00,28,0,48,53,0,1,83,36,47,150.1
2023-03-07T14:00,28.2,0,76,84,0,0,127,3,124,119.8
2023-03-07T15:00,28.2,0,82,89,0,5,155,4,151,1.9
2023-03-07T16:00,28.5,0,100,100,12,12,213,19,194,20.1
2023-03-07T17:00,28.8,0,99,100,10,9,247,18,229,30.1
2023-03-07T18:00,29.1,0,90,100,0,0,246,29,217,35
2023-03-07T19:00,31.5,0,100,100,21,0,244,27,217,45.4
2023-03-07T20:00,31.5,0,100,100,53,0,147,0,147,20.7
2023-03-07T21:00,31.7,0,100,100,60,0,118,9,109,9.4
2023-03-07T22:00,32,0.004,100,99,99,0,75,1,74,13
2023-03-07T23:00,31.7,0.004,100,72,100,0,19,1,18,5.6
2023-03-08T00:00,31.5,0.004,100,80,99,0,0,0,0,0
2023-03-08T01:00,30.8,0.004,100,91,95,0,0,0,0,0
2023-03-08T02:00,29.8,0.004,100,94,75,0,0,0,0,0
2023-03-08T03:00,28.9,0.004,80,86,5,0,0,0,0,0
2023-03-08T04:00,28.2,0.004,77,84,2,0,0,0,0,0
2023-03-08T05:00,27.8,0.004,81,89,1,0,0,0,0,0
2023-03-08T06:00,27.4,0.004,91,98,4,0,0,0,0,0
2023-03-08T07:00,28.8,0.004,94,100,6,0,0,0,0,0
2023-03-08T08:00,28.7,0.004,95,100,9,0,0,0,0,0
2023-03-08T09:00,28.4,0.004,95,100,8,0,0,0,0,0
2023-03-08T10:00,27.9,0,92,100,4,0,0,0,0,0
2023-03-08T11:00,27.5,0,92,100,3,0,0,0,0,0
2023-03-08T12:00,27,0,89,99,0,0,3,0,3,0
2023-03-08T13:00,27.2,0,90,100,0,0,45,5,40,14.9
2023-03-08T14:00,27.5,0,90,100,0,0,105,2,103,16.5
2023-03-08T15:00,28.2,0,90,100,0,0,188,30,158,32.3
2023-03-08T16:00,28.8,0,90,100,0,0,229,34,195,63.3
2023-03-08T17:00,29.3,0,90,100,0,0,223,6,217,32.8
2023-03-08T18:00,30.3,0,80,89,0,0,313,13,300,1.6
2023-03-08T19:00,34.4,0,45,50,0,0,604,383,221,299.9
2023-03-08T20:00,34.7,0,50,55,0,0,539,395,144,680.1
2023-03-08T21:00,34,0,64,71,0,0,390,278,112,689.5
2023-03-08T22:00,32.5,0,38,42,0,0,213,127,86,562.3
2023-03-08T23:00,31.1,0,23,25,0,0,51,22,29,284.5
2023-03-09T00:00,30.4,0,8,9,0,0,0,0,0,0
2023-03-09T01:00,29.7,0,5,5,0,0,0,0,0,0
2023-03-09T02:00,29.7,0,6,7,0,0,0,0,0,0
2023-03-09T03:00,29.9,0,16,18,0,0,0,0,0,0
2023-03-09T04:00,30.5,0,23,25,0,0,0,0,0,0
2023-03-09T05:00,30.4,0,23,26,0,0,0,0,0,0
2023-03-09T06:00,30.3,0,24,27,0,0,0,0,0,0
2023-03-09T07:00,30.1,0,14,16,0,0,0,0,0,0
2023-03-09T08:00,30.1,0,24,27,0,0,0,0,0,0
2023-03-09T09:00,29.7,0,42,47,0,0,0,0,0,0
2023-03-09T10:00,29.4,0,41,45,0,0,0,0,0,0
2023-03-09T11:00,28.8,0,50,55,0,0,0,0,0,0
2023-03-09T12:00,28.5,0,63,70,0,0,5,1,4,0
2023-03-09T13:00,28.8,0,85,94,0,0,71,19,52,72.2
2023-03-09T14:00,29.2,0,90,100,0,0,114,0,114,56.7
2023-03-09T15:00,30.2,0,90,100,0,0,202,7,195,2.1
2023-03-09T16:00,31.1,0,90,100,0,0,269,57,212,56.2
2023-03-09T17:00,31.7,0,92,100,3,0,311,29,282,74.5
2023-03-09T18:00,32.1,0,97,100,12,0,296,2,294,14.8
2023-03-09T19:00,34.5,0,93,88,23,0,358,113,245,76.8
2023-03-09T20:00,35.4,0,34,38,0,0,430,222,208,278.2
2023-03-09T21:00,35.4,0,8,9,0,0,406,305,101,557
2023-03-09T22:00,34,0,5,6,0,0,242,176,66,689
2023-03-09T23:00,31.8,0,3,3,0,0,66,40,26,430.5
2023-03-10T00:00,30.3,0,6,7,0,0,0,0,0,0.2
2023-03-10T01:00,29.7,0,1,1,0,0,0,0,0,0
2023-03-10T02:00,29.1,0,2,2,0,0,0,0,0,0
2023-03-10T03:00,29.1,0,4,4,0,0,0,0,0,0
2023-03-10T04:00,29.2,0,25,8,0,60,0,0,0,0
2023-03-10T05:00,29.1,0,36,7,0,99,0,0,0,0
2023-03-10T06:00,29.1,0,35,5,0,100,0,0,0,0
2023-03-10T07:00,28.7,0,33,3,0,100,0,0,0,0
2023-03-10T08:00,22.8,0,30,0,0,100,0,0,0,0
2023-03-10T09:00,29,0,31,1,0,100,0,0,0,0
2023-03-10T10:00,29.8,0,32,0,3,100,0,0,0,0
2023-03-10T11:00,30.3,0,44,0,24,100,0,0,0,0
2023-03-10T12:00,30.6,0,78,0,80,100,7,0,7,0
2023-03-10T13:00,32,0,90,0,100,100,88,19,69,48.6
2023-03-10T14:00,34.2,0,86,0,100,88,212,53,159,125.4
2023-03-10T15:00,37,0,72,0,99,42,332,130,202,206
2023-03-10T16:00,39.8,0,68,0,100,28,413,144,269,256.1
2023-03-10T17:00,41,0,70,4,100,22,339,105,234,202
2023-03-10T18:00,41.2,0.004,79,8,100,38,223,13,210,86.3
2023-03-10T19:00,38.1,0.02,89,30,100,8,133,0,133,3.7
2023-03-10T20:00,37.6,0.028,100,78,100,0,107,1,106,0.4
2023-03-10T21:00,36.8,0.039,100,92,100,2,86,3,83,4.8
2023-03-10T22:00,36.2,0.039,100,98,100,8,41,0,41,3.1
2023-03-10T23:00,35.8,0.035,100,99,100,3,17,1,16,0
2023-03-11T00:00,35.1,0.035,100,99,100,24,0,0,0,0
2023-03-11T01:00,35.4,0.035,100,100,100,60,0,0,0,0
2023-03-11T02:00,35.4,0.035,100,100,100,88,0,0,0,0
2023-03-11T03:00,35.3,0.028,100,100,98,88,0,0,0,0
2023-03-11T04:00,35.2,0.016,100,100,100,97,0,0,0,0
2023-03-11T05:00,35.2,0.016,100,100,100,96,0,0,0,0
2023-03-11T06:00,35.1,0.016,100,100,100,95,0,0,0,0
2023-03-11T07:00,33.6,0.012,100,100,100,91,0,0,0,0
2023-03-11T08:00,33.1,0.012,100,100,100,95,0,0,0,0
2023-03-11T09:00,32.4,0.012,100,100,100,88,0,0,0,0
2023-03-11T10:00,31.8,0.012,100,100,100,98,0,0,0,0
2023-03-11T11:00,31.2,0.012,100,95,98,100,0,0,0,0
2023-03-11T12:00,30.6,0.008,100,98,80,100,5,0,5,0
2023-03-11T13:00,30.6,0.008,100,100,84,99,55,0,55,0
2023-03-11T14:00,31.1,0.004,100,99,84,97,158,13,145,18.5
2023-03-11T15:00,31.5,0.004,100,100,56,82,203,8,195,27.7
2023-03-11T16:00,31.7,0.004,100,100,23,34,227,4,223,10
2023-03-11T17:00,32.3,0.004,93,100,5,0,293,10,283,10.1
2023-03-11T18:00,33.2,0,90,100,0,0,361,11,350,12
2023-03-11T19:00,34.1,0,93,100,3,3,436,68,368,59.8
2023-03-11T20:00,34,0,87,96,0,2,323,53,270,102.6
2023-03-11T21:00,33.6,0,91,100,0,2,261,37,224,86
2023-03-11T22:00,32.9,0,92,95,0,20,157,36,121,107.1
2023-03-11T23:00,31.6,0,84,90,0,11,40,5,35,79.8
2023-03-12T00:00,30.8,0,79,88,0,0,0,0,0,0.2
2023-03-12T01:00,29.6,0,79,88,0,0,0,0,0,0
2023-03-12T02:00,29.2,0,77,85,0,0,0,0,0,0
2023-03-12T03:00,28.8,0,73,81,0,0,0,0,0,0
2023-03-12T04:00,28.3,0,73,81,0,0,0,0,0,0
2023-03-12T05:00,27.9,0,67,74,0,0,0,0,0,0
2023-03-12T06:00,27.8,0,33,37,0,0,0,0,0,0
2023-03-12T07:00,27.4,0,7,8,0,0,0,0,0,0
2023-03-12T08:00,26.6,0,10,11,0,0,0,0,0,0
2023-03-12T09:00,26.1,0,14,15,0,0,0,0,0,0
2023-03-12T10:00,25.5,0,23,25,0,0,0,0,0,0
2023-03-12T11:00,25,0,38,26,0,47,0,0,0,0
2023-03-12T12:00,24.9,0,46,51,0,2,15,7,8,0
2023-03-12T13:00,27,0,39,10,0,100,157,97,60,331.5
2023-03-12T14:00,31.2,0,30,0,0,100,318,172,146,500.6
2023-03-12T15:00,34.2,0,30,0,0,100,444,195,249,424.9
2023-03-12T16:00,36.8,0,31,1,0,100,531,222,309,367
2023-03-12T17:00,39.2,0,55,28,0,100,596,231,365,354.5
2023-03-12T18:00,40.7,0,48,20,0,100,548,128,420,260.5
2023-03-12T19:00,41.7,0,31,0,1,100,521,144,377,199.7
2023-03-12T20:00,42.3,0,74,0,76,96,347,58,289,164.9
2023-03-12T21:00,42.3,0,68,5,85,42,235,17,218,64.2
2023-03-12T22:00,41.1,0,62,1,98,7,128,17,111,46.5
2023-03-12T23:00,39.2,0,84,0,93,93,37,4,33,42.6
2023-03-13T00:00,37.6,0,91,2,98,100,0,0,0,0.2
2023-03-13T01:00,37.7,0,96,10,95,100,0,0,0,0
2023-03-13T02:00,37.1,0.004,100,41,97,96,0,0,0,0
2023-03-13T03:00,36.7,0.004,100,66,97,93,0,0,0,0
2023-03-13T04:00,36.4,0.008,100,78,96,88,0,0,0,0
2023-03-13T05:00,36.2,0.008,100,90,96,42,0,0,0,0
2023-03-13T06:00,36,0.008,100,88,96,1,0,0,0,0
2023-03-13T07:00,36.3,0.008,100,83,90,0,0,0,0,0
2023-03-13T08:00,36,0.004,100,93,83,0,0,0,0,0
2023-03-13T09:00,36.1,0.004,100,94,90,0,0,0,0,0
2023-03-13T10:00,36.2,0.004,100,95,93,0,0,0,0,0
2023-03-13T11:00,36.1,0.004,100,95,95,0,0,0,0,0
2023-03-13T12:00,36.2,0.004,100,91,93,0,6,1,5,0
2023-03-13T13:00,36.8,0.004,100,88,92,31,46,2,44,13.6
2023-03-13T14:00,38.2,0.004,100,90,97,39,155,33,122,50.2
2023-03-13T15:00,38.9,0.004,100,87,91,2,195,20,175,67.1
2023-03-13T16:00,39.7,0.004,100,93,94,0,235,28,207,38.6
2023-03-13T17:00,40.7,0.008,100,93,94,0,246,49,197,60.5
2023-03-13T18:00,40.4,0.008,100,98,96,0,180,9,171,43.4
2023-03-13T19:00,40.4,0.012,100,99,98,0,163,14,149,14.6
2023-03-13T20:00,40,0.012,100,100,100,0,165,9,156,19.4
2023-03-13T21:00,39.3,0.016,100,100,100,0,101,0,101,7.5
2023-03-13T22:00,37.6,0.024,100,100,100,0,59,1,58,1.5
2023-03-13T23:00,36.6,0.024,100,100,98,0,18,0,18,1.3
2023-03-14T00:00,36.1,0.024,100,100,100,0,0,0,0,0
2023-03-14T01:00,35,0.012,100,99,99,0,0,0,0,0
2023-03-14T02:00,34.1,0.012,100,99,100,0,0,0,0,0
2023-03-14T03:00,33.3,0.008,100,97,100,0,0,0,0,0
2023-03-14T04:00,32.8,0.008,100,97,97,0,0,0,0,0
2023-03-14T05:00,32.2,0.008,100,99,100,0,0,0,0,0
2023-03-14T06:00,31.5,0.004,100,99,96,0,0,0,0,0
2023-03-14T07:00,31.7,0.004,100,97,92,0,0,0,0,0
2023-03-14T08:00,31.5,0.004,100,94,93,0,0,0,0,0
2023-03-14T09:00,30.6,0.008,100,96,95,0,0,0,0,0
2023-03-14T10:00,30.1,0.008,100,95,100,0,0,0,0,0
2023-03-14T11:00,29.7,0.008,100,96,100,1,0,0,0,0
2023-03-14T12:00,29.7,0.012,100,98,100,2,6,0,6,0
2023-03-14T13:00,30.2,0.02,100,99,100,2,42,0,42,0
2023-03-14T14:00,30.8,0.028,100,100,100,4,93,0,93,0
2023-03-14T15:00,31.1,0.031,100,100,100,11,131,0,131,0
2023-03-14T16:00,31,0.039,100,100,100,80,174,1,173,0.2
2023-03-14T17:00,31.1,0.047,100,100,100,100,211,11,200,9.2
2023-03-14T18:00,31.3,0.047,100,100,100,100,205,3,202,10.6
2023-03-14T19:00,30.9,0.031,100,100,100,100,222,6,216,6.5
2023-03-14T20:00,31.1,0.031,100,100,100,99,188,1,187,5.7
2023-03-14T21:00,31,0.031,100,100,100,97,106,0,106,0.4
2023-03-14T22:00,30.8,0.028,100,100,100,95,73,0,73,0
2023-03-14T23:00,30.8,0.028,100,100,100,90,26,0,26,0
2023-03-15T00:00,30.7,0.028,100,100,100,98,0,0,0,0
2023-03-15T01:00,30.5,0.024,100,100,99,100,0,0,0,0
2023-03-15T02:00,30.4,0.02,100,100,100,100,0,0,0,0
2023-03-15T03:00,30.1,0.02,100,100,100,90,0,0,0,0
2023-03-15T04:00,29.7,0.016,100,100,100,36,0,0,0,0
2023-03-15T05:00,29.1,0.016,100,100,100,31,0,0,0,0
2023-03-15T06:00,28.3,0.012,100,100,100,31,0,0,0,0
2023-03-15T07:00,29,0.008,100,98,98,25,0,0,0,0
2023-03-15T08:00,28.1,0.004,100,82,73,20,0,0,0,0
2023-03-15T09:00,27.2,0,77,68,24,4,0,0,0,0
2023-03-15T10:00,26.2,0,61,41,35,9,0,0,0,0
2023-03-15T11:00,25.6,0,60,36,40,13,0,0,0,0
2023-03-15T12:00,25.2,0,29,27,5,5,12,3,9,0
2023-03-15T13:00,25.7,0,20,21,1,0,103,33,70,104.4
2023-03-15T14:00,26.5,0,56,62,0,0,232,85,147,191
2023-03-15T15:00,28,0,53,59,0,0,352,132,220,236.3
2023-03-15T16:00,29.7,0,64,71,0,0,472,188,284,264.8
2023-03-15T17:00,32.1,0,7,8,0,0,620,358,262,392.9
2023-03-15T18:00,34.4,0,0,0,0,0,761,572,189,660.4
2023-03-15T19:00,36,0,2,2,0,0,754,644,110,894
2023-03-15T20:00,36.6,0,0,0,0,0,650,550,100,957.6
2023-03-15T21:00,36.5,0,0,0,0,0,482,391,91,896.9
2023-03-15T22:00,35.5,0,0,0,0,0,292,221,71,796.8
2023-03-15T23:00,33.2,0,2,2,0,0,96,62,34,563.2
2023-03-16T00:00,31.3,0,0,0,0,0,1,0,1,10.8
2023-03-16T01:00,28.7,0,0,0,0,0,0,0,0,0
2023-03-16T02:00,27,0,0,0,0,0,0,0,0,0
2023-03-16T03:00,26.5,0,4,0,7,0,0,0,0,0
2023-03-16T04:00,25.3,0,20,0,33,0,0,0,0,0
2023-03-16T05:00,25,0,0,0,0,0,0,0,0,0
2023-03-16T06:00,23.9,0,2,0,0,6,0,0,0,0
2023-03-16T07:00,25.2,0,7,0,8,7,0,0,0,0
2023-03-16T08:00,24.6,0,11,2,14,1,0,0,0,0
2023-03-16T09:00,25.2,0,49,1,45,71,0,0,0,0
2023-03-16T10:00,25.3,0,40,10,52,0,0,0,0,0
2023-03-16T11:00,26.4,0,35,13,31,16,0,0,0,0
2023-03-16T12:00,26.4,0,18,7,12,14,23,12,11,0
2023-03-16T13:00,29,0,27,21,14,0,180,122,58,382.7
2023-03-16T14:00,35.1,0,14,11,6,0,381,301,80,675.8
2023-03-16T15:00,38.6,0,15,13,6,0,557,466,91,830.3
2023-03-16T16:00,41.1,0,22,17,10,2,683,575,108,891
2023-03-16T17:00,42.7,0,14,13,4,0,749,610,139,883.5
2023-03-16T18:00,43.7,0,11,9,4,1,772,650,122,891.2
2023-03-16T19:00,51.3,0,36,7,37,24,708,568,140,884.9
2023-03-16T20:00,51.7,0,34,0,56,0,545,387,158,745.2
2023-03-16T21:00,51.4,0,43,0,71,0,437,306,131,659.6
2023-03-16T22:00,48.7,0,60,0,95,11,237,118,119,535.3
2023-03-16T23:00,46.9,0,82,0,91,92,70,16,54,234.2
2023-03-17T00:00,43.1,0,82,0,86,100,1,0,1,3.5
2023-03-17T01:00,42,0,35,0,9,98,0,0,0,0
2023-03-17T02:00,41.3,0,30,0,0,100,0,0,0,0
2023-03-17T03:00,40.7,0,60,0,50,100,0,0,0,0
2023-03-17T04:00,40.4,0,70,0,68,98,0,0,0,0
2023-03-17T05:00,39.5,0,87,0,95,99,0,0,0,0
2023-03-17T06:00,39.1,0,89,0,99,100,0,0,0,0
2023-03-17T07:00,41.3,0.004,97,8,100,100,0,0,0,0
2023-03-17T08:00,40.6,0.035,100,95,100,100,0,0,0,0
2023-03-17T09:00,40.4,0.067,100,100,100,100,0,0,0,0
2023-03-17T10:00,40.9,0.055,100,100,100,32,0,0,0,0
2023-03-17T11:00,41.4,0.051,100,100,100,100,0,0,0,0
2023-03-17T12:00,41.8,0.043,100,94,56,100,6,0,6,0
2023-03-17T13:00,42.6,0.024,100,100,100,100,25,0,25,0
2023-03-17T14:00,43.8,0.024,100,100,100,100,44,0,44,0
2023-03-17T15:00,44.3,0.024,100,98,100,100,52,0,52,0
2023-03-17T16:00,45.4,0.043,100,100,100,100,69,0,69,0
2023-03-17T17:00,46.3,0.043,100,100,100,100,100,0,100,0
2023-03-17T18:00,46.6,0.035,100,100,100,87,100,0,100,0
2023-03-17T19:00,46.8,0.016,100,98,67,34,125,8,117,5.9
2023-03-17T20:00,46.9,0.012,100,95,52,46,99,5,94,9.1
2023-03-17T21:00,45.9,0.004,100,98,20,6,140,21,119,26.9
2023-03-17T22:00,45.8,0,100,100,79,6,80,9,71,37.9
2023-03-17T23:00,44.3,0.008,100,95,100,0,20,6,14,35.3
2023-03-18T00:00,43.7,0.02,100,84,84,0,0,0,0,1.6
2023-03-18T01:00,42.8,0.004,100,95,24,0,0,0,0,0
2023-03-18T02:00,40.3,0.004,91,98,5,0,0,0,0,0
2023-03-18T03:00,38.4,0.004,78,85,2,0,0,0,0,0
2023-03-18T04:00,37.3,0.004,77,84,2,0,0,0,0,0
2023-03-18T05:00,36.6,0.004,85,94,0,0,0,0,0,0
2023-03-18T06:00,35.2,0,78,87,0,0,0,0,0,0
2023-03-18T07:00,35.1,0,81,90,0,0,0,0,0,0
2023-03-18T08:00,34.2,0,84,93,0,0,0,0,0,0
2023-03-18T09:00,33.8,0,85,94,0,0,0,0,0,0
2023-03-18T10:00,33.3,0,85,94,0,0,0,0,0,0
2023-03-18T11:00,33.1,0,76,84,0,0,0,0,0,0
2023-03-18T12:00,33,0,55,61,0,0,24,9,15,0
2023-03-18T13:00,34.1,0,26,29,0,0,136,47,89,175.9
2023-03-18T14:00,35.3,0,85,62,48,0,267,116,151,256.9
2023-03-18T15:00,36.8,0.004,76,36,73,0,315,58,257,199.2
2023-03-18T16:00,38.2,0.004,59,26,59,0,405,132,273,143.6
2023-03-18T17:00,39.1,0.004,48,19,52,0,487,189,298,223.9
2023-03-18T18:00,40.3,0.004,37,12,43,0,679,434,245,430.6
2023-03-18T19:00,41,0,44,11,56,0,653,444,209,639.6
2023-03-18T20:00,40.2,0,55,18,65,0,536,355,181,630.1
2023-03-18T21:00,38.6,0.004,74,27,82,0,344,189,155,500.5
2023-03-18T22:00,37,0.004,53,5,80,0,184,82,102,327
2023-03-18T23:00,35.6,0,37,4,56,0,71,24,47,210.5
2023-03-19T00:00,33.8,0,58,20,66,0,2,0,2,7.5
2023-03-19T01:00,32.2,0,84,43,76,0,0,0,0,0
2023-03-19T02:00,29.8,0,35,12,40,0,0,0,0,0
2023-03-19T03:00,28.7,0,16,14,6,0,0,0,0,0
2023-03-19T04:00,28.1,0,8,9,0,0,0,0,0,0
2023-03-19T05:00,27.8,0,52,48,14,0,0,0,0,0
2023-03-19T06:00,27.7,0,66,44,44,0,0,0,0,0
2023-03-19T07:00,27,0,69,29,72,0,0,0,0,0
2023-03-19T08:00,27,0,92,47,83,0,0,0,0,0
2023-03-19T09:00,26.9,0,100,65,70,0,0,0,0,0
2023-03-19T10:00,27.1,0,94,72,48,0,0,0,0,0
2023-03-19T11:00,27.1,0,90,59,61,0,0,0,0,0
2023-03-19T12:00,27,0,100,88,73,0,22,6,16,0
2023-03-19T13:00,27.7,0,100,100,100,0,130,39,91,130
2023-03-19T14:00,28.8,0.004,100,100,100,0,260,85,175,191.3
2023-03-19T15:00,30,0.004,100,100,100,0,356,107,249,203.1
2023-03-19T16:00,31.5,0.004,100,100,100,0,454,142,312,203.5
2023-03-19T17:00,32.7,0.004,100,91,100,0,538,179,359,234.9
2023-03-19T18:00,33.8,0,60,1,99,0,527,164,363,235.2
2023-03-19T19:00,34.5,0,64,6,98,0,558,221,337,269.3
2023-03-19T20:00,35,0,69,10,100,0,495,218,277,345.8
2023-03-19T21:00,34.9,0,100,73,100,0,364,154,210,347.5
2023-03-19T22:00,34.1,0,100,100,93,0,214,73,141,273.4
2023-03-19T23:00,32.5,0,82,68,34,0,83,39,44,248.7
2023-03-20T00:00,31.1,0,46,32,28,0,2,0,2,14.2
2023-03-20T01:00,29.8,0,14,16,0,0,0,0,0,0
2023-03-20T02:00,29.3,0,5,6,0,0,0,0,0,0
2023-03-20T03:00,29.1,0,2,2,0,0,0,0,0,0
2023-03-20T04:00,29.1,0,0,0,0,0,0,0,0,0
2023-03-20T05:00,29.3,0,0,0,0,0,0,0,0,0
2023-03-20T06:00,29.4,0,0,0,0,0,0,0,0,0
2023-03-20T07:00,29.7,0,0,0,0,0,0,0,0,0
2023-03-20T08:00,29.8,0,0,0,0,0,0,0,0,0
2023-03-20T09:00,29.7,0,0,0,0,0,0,0,0,0
2023-03-20T10:00,29.5,0,0,0,0,0,0,0,0,0
2023-03-20T11:00,29.3,0,0,0,0,0,0,0,0,0
2023-03-20T12:00,29.9,0,0,0,0,0,37,22,15,0
2023-03-20T13:00,32.3,0,0,0,0,0,211,157,54,490
2023-03-20T14:00,35.2,0,0,0,0,0,412,338,74,747.2
2023-03-20T15:00,38.2,0,0,0,0,0,589,503,86,868.7
2023-03-20T16:00,41,0,17,0,19,20,721,628,93,930.8
2023-03-20T17:00,43.4,0,22,1,19,33,798,702,96,963.4
2023-03-20T18:00,45.2,0,13,0,5,33,812,715,97,976.5
2023-03-20T19:00,46.6,0,2,0,1,6,760,659,101,963.2
2023-03-20T20:00,47.2,0,0,0,0,0,656,569,87,943.7
2023-03-20T21:00,46.8,0,6,0,6,9,499,421,78,910.3
2023-03-20T22:00,42.7,0,25,0,28,26,306,240,66,820
2023-03-20T23:00,41.8,0,26,0,35,16,108,69,39,608.4
2023-03-21T00:00,39.5,0,22,0,33,8,3,1,2,28.7
2023-03-21T01:00,37.1,0,45,0,54,41,0,0,0,0
2023-03-21T02:00,36.2,0,68,0,77,74,0,0,0,0
2023-03-21T03:00,35.8,0,67,0,74,74,0,0,0,0
2023-03-21T04:00,35.4,0,73,0,83,76,0,0,0,0
2023-03-21T05:00,34.7,0,71,0,79,78,0,0,0,0
2023-03-21T06:00,34.3,0,54,0,63,55,0,0,0,0
2023-03-21T07:00,35.2,0.004,78,0,84,93,0,0,0,0
2023-03-21T08:00,34.9,0.004,86,0,95,97,0,0,0,0
2023-03-21T09:00,35,0.004,83,0,92,94,0,0,0,0
2023-03-21T10:00,31.7,0,38,0,43,40,0,0,0,0
2023-03-21T11:00,35.5,0,15,0,25,0,0,0,0,0
2023-03-21T12:00,36.2,0,19,0,31,0,33,17,16,0
2023-03-21T13:00,39.3,0,6,0,10,0,185,135,50,394
2023-03-21T14:00,43.4,0,7,0,11,0,383,294,89,633.4
2023-03-21T15:00,44.6,0,18,0,30,0,565,478,87,783.1
2023-03-21T16:00,46.5,0,11,0,19,0,693,596,97,881.1
2023-03-21T17:00,48,0,11,0,19,0,755,632,123,886.6
2023-03-21T18:00,49.7,0,10,0,17,0,757,610,147,847.6
2023-03-21T19:00,52,0,14,0,24,0,709,586,123,832.4
2023-03-21T20:00,53.3,0,16,0,16,21,613,495,118,831.7
2023-03-21T21:00,51.9,0,31,0,4,95,432,305,127,721.4
2023-03-21T22:00,47.4,0,32,0,3,100,271,182,89,594.7
2023-03-21T23:00,46.2,0,31,0,1,100,102,56,46,474
2023-03-22T00:00,42.8,0,32,0,4,97,3,0,3,26
2023-03-22T01:00,39.7,0,57,0,53,85,0,0,0,0
2023-03-22T02:00,37.8,0,57,0,55,81,0,0,0,0
2023-03-22T03:00,36.6,0,72,0,74,93,0,0,0,0
2023-03-22T04:00,35.4,0,77,0,86,83,0,0,0,0
2023-03-22T05:00,34.9,0,86,0,97,94,0,0,0,0
2023-03-22T06:00,34.5,0,88,0,97,98,0,0,0,0
2023-03-22T07:00,35.1,0,86,0,93,100,0,0,0,0
2023-03-22T08:00,35,0,85,0,92,100,0,0,0,0
2023-03-22T09:00,31.5,0,87,0,95,100,0,0,0,0
2023-03-22T10:00,36.7,0,89,0,98,99,0,0,0,0
2023-03-22T11:00,37.6,0,85,0,91,100,0,0,0,0
2023-03-22T12:00,38.7,0,89,0,98,100,19,0,19,0
2023-03-22T13:00,41.7,0,84,0,96,88,107,15,92,24.6
2023-03-22T14:00,42.1,0,40,0,66,0,251,73,178,107.9
2023-03-22T15:00,45.9,0,13,0,22,0,440,233,207,286.7
2023-03-22T16:00,47.5,0,25,0,12,58,637,413,224,511.8
2023-03-22T17:00,51.2,0,29,0,0,96,764,631,133,751.7
2023-03-22T18:00,54.9,0,73,0,74,96,746,538,208,827
2023-03-22T19:00,55.4,0,94,6,99,98,435,150,285,474.3
2023-03-22T20:00,53.2,0,89,5,97,88,252,36,216,116.7
2023-03-22T21:00,50.9,0,77,16,95,20,127,19,108,40.2
2023-03-22T22:00,48.8,0,57,7,83,4,95,29,66,62.1
2023-03-22T23:00,50.6,0,91,17,78,95,37,13,24,91.1
2023-03-23T00:00,48.1,0,100,37,76,95,1,0,1,6.9
2023-03-23T01:00,46.8,0,91,22,84,68,0,0,0,0
2023-03-23T02:00,46.7,0,100,71,96,45,0,0,0,0
2023-03-23T03:00,47,0,100,100,98,24,0,0,0,0
2023-03-23T04:00,47.4,0,100,83,75,4,0,0,0,0
2023-03-23T05:00,47.5,0,100,54,50,96,0,0,0,0
2023-03-23T06:00,46.8,0,100,47,80,93,0,0,0,0
2023-03-23T07:00,46.3,0,100,71,100,98,0,0,0,0
2023-03-23T08:00,40.5,0.004,100,100,97,100,0,0,0,0
2023-03-23T09:00,40.6,0.031,100,100,95,90,0,0,0,0
2023-03-23T10:00,41.4,0.024,100,82,92,83,0,0,0,0
2023-03-23T11:00,43.1,0.051,100,100,82,39,0,0,0,0
2023-03-23T12:00,44.7,0.012,100,100,71,97,4,0,4,0
2023-03-23T13:00,46,0,100,100,56,95,22,0,22,0
2023-03-23T14:00,47.7,0,100,100,61,70,42,0,42,0
2023-03-23T15:00,48.8,0,100,100,94,25,65,1,64,0.6
2023-03-23T16:00,49.1,0.02,100,97,95,2,88,4,84,3.4
2023-03-23T17:00,50.3,0.02,100,100,94,0,90,12,78,11.8
2023-03-23T18:00,51.7,0.051,100,100,100,54,96,1,95,9.4
2023-03-23T19:00,53.1,0.028,100,100,98,97,64,0,64,0.1
2023-03-23T20:00,53.4,0.031,100,100,100,66,39,0,39,0
2023-03-23T21:00,52.4,0.02,100,100,100,0,58,0,58,0
2023-03-23T22:00,49.5,0.012,100,100,100,28,17,0,17,0
2023-03-23T23:00,46.7,0.02,100,100,99,0,9,1,8,4
2023-03-24T00:00,44.1,0.004,100,86,87,0,1,0,1,0
2023-03-24T01:00,42.9,0,91,68,50,0,0,0,0,0
2023-03-24T02:00,42,0,58,40,36,0,0,0,0,0
2023-03-24T03:00,40.5,0,23,25,0,1,0,0,0,0
2023-03-24T04:00,38.3,0,29,28,0,14,0,0,0,0
2023-03-24T05:00,35.8,0,55,29,0,97,0,0,0,0
2023-03-24T06:00,33.9,0,51,24,0,97,0,0,0,0
2023-03-24T07:00,33.3,0,53,25,0,100,0,0,0,0
2023-03-24T08:00,32.7,0,44,16,0,100,0,0,0,0
2023-03-24T09:00,32.1,0,43,14,0,100,0,0,0,0
2023-03-24T10:00,31.9,0,51,23,0,100,0,0,0,0
2023-03-24T11:00,31.6,0,45,17,0,100,0,0,0,0
2023-03-24T12:00,32,0,36,7,0,100,24,1,23,0
2023-03-24T13:00,33.1,0,57,30,0,100,111,7,104,19.8
2023-03-24T14:00,34.2,0,85,73,0,64,180,13,167,24.5
2023-03-24T15:00,36.1,0,100,98,0,100,342,81,261,82.3
2023-03-24T16:00,38.5,0,100,87,0,100,445,133,312,166.9
2023-03-24T17:00,41.4,0,83,65,0,82,581,237,344,256.6
2023-03-24T18:00,43.2,0,54,27,0,100,631,284,347,343.9
2023-03-24T19:00,45.9,0,30,0,0,100,683,439,244,505.7
2023-03-24T20:00,45.5,0,29,0,0,95,523,270,253,532.3
2023-03-24T21:00,44.7,0,30,0,0,100,433,261,172,476.5
2023-03-24T22:00,43.6,0,30,0,0,100,263,128,135,472.9
2023-03-24T23:00,40.9,0,30,0,0,100,72,5,67,203.8
2023-03-25T00:00,38.2,0,30,0,0,100,4,0,4,1.9
2023-03-25T01:00,36,0,30,0,0,100,0,0,0,0
2023-03-25T02:00,34.6,0,30,0,0,100,0,0,0,0
2023-03-25T03:00,33.3,0,30,0,0,100,0,0,0,0
2023-03-25T04:00,33,0,29,0,0,97,0,0,0,0
2023-03-25T05:00,32.9,0,30,0,0,99,0,0,0,0
2023-03-25T06:00,33,0,30,0,0,100,0,0,0,0
2023-03-25T07:00,33.1,0,31,0,1,100,0,0,0,0
2023-03-25T08:00,33.3,0,36,0,10,100,0,0,0,0
2023-03-25T09:00,34.2,0,53,0,39,100,0,0,0,0
2023-03-25T10:00,35.9,0,86,0,93,100,0,0,0,0
2023-03-25T11:00,35.9,0.012,90,0,100,100,0,0,0,0
2023-03-25T12:00,33.9,0.043,90,0,100,100,7,0,7,0
2023-03-25T13:00,34.7,0.091,100,69,100,100,19,0,19,0
2023-03-25T14:00,35.3,0.083,100,96,100,100,24,0,24,0
2023-03-25T15:00,36,0.047,100,99,98,99,45,0,45,0
2023-03-25T16:00,36.9,0.02,100,90,97,98,56,0,56,0
2023-03-25T17:00,38.8,0.004,100,99,100,87,79,0,79,0
2023-03-25T18:00,39.9,0,100,99,78,0,67,0,67,0
2023-03-25T19:00,40,0,100,100,94,1,196,47,149,35.1
2023-03-25T20:00,40,0.004,100,98,69,10,53,0,53,35
2023-03-25T21:00,40.4,0,100,99,30,11,76,13,63,9.1
2023-03-25T22:00,40.8,0,100,99,46,11,64,18,46,40.1
2023-03-25T23:00,41.1,0,100,81,34,51,33,9,24,55.6
2023-03-26T00:00,41.2,0,100,91,20,43,3,1,2,6.8
2023-03-26T01:00,43,0.004,100,97,23,7,0,0,0,0
2023-03-26T02:00,44.1,0.016,100,90,39,0,0,0,0,0
2023-03-26T03:00,44.9,0.043,100,86,59,23,0,0,0,0
2023-03-26T04:00,44.5,0.012,77,61,36,2,0,0,0,0
2023-03-26T05:00,42.5,0,100,89,80,0,0,0,0,0
2023-03-26T06:00,41.2,0,100,96,81,39,0,0,0,0
2023-03-26T07:00,40.1,0,100,91,48,2,0,0,0,0
2023-03-26T08:00,38.9,0,89,87,18,0,0,0,0,0
2023-03-26T09:00,38.4,0,83,90,3,0,0,0,0,0
2023-03-26T10:00,37.8,0,90,88,18,0,0,0,0,0
2023-03-26T11:00,37.3,0,80,88,1,0,0,0,0,0
2023-03-26T12:00,37.8,0,42,47,0,0,28,10,18,0
2023-03-26T13:00,39.4,0,18,20,0,0,145,73,72,178.2
2023-03-26T14:00,41.8,0,6,7,0,0,364,262,102,424.4
2023-03-26T15:00,45,0,6,7,0,0,588,465,123,700.4
2023-03-26T16:00,47.9,0,3,3,0,0,724,604,120,837.3
2023-03-26T17:00,50.4,0,1,1,0,0,824,738,86,932.1
2023-03-26T18:00,52.1,0,0,0,0,0,836,745,91,987.8
2023-03-26T19:00,53.1,0,0,0,0,0,783,694,89,973.9
2023-03-26T20:00,53.3,0,0,0,0,0,673,587,86,948.2
2023-03-26T21:00,52.8,0,0,0,0,0,517,439,78,902.8
2023-03-26T22:00,51.3,0,1,0,0,2,326,262,64,824.8
2023-03-26T23:00,47.8,0,8,0,8,11,128,88,40,663
2023-03-27T00:00,44.9,0,40,0,56,20,7,3,4,69
2023-03-27T01:00,43.1,0,39,0,59,13,0,0,0,0
2023-03-27T02:00,41.4,0,0,0,0,0,0,0,0,0
2023-03-27T03:00,39.6,0,0,0,0,0,0,0,0,0
2023-03-27T04:00,37.3,0,0,0,0,0,0,0,0,0
2023-03-27T05:00,36.5,0,0,0,0,0,0,0,0,0
2023-03-27T06:00,36.6,0,0,0,0,0,0,0,0,0
2023-03-27T07:00,33.8,0,0,0,0,0,0,0,0,0
2023-03-27T08:00,33.2,0,0,0,0,0,0,0,0,0
2023-03-27T09:00,32.4,0,0,0,0,0,0,0,0,0
2023-03-27T10:00,32.1,0,55,2,44,88,0,0,0,0
2023-03-27T11:00,32.4,0,18,8,18,1,0,0,0,0
2023-03-27T12:00,33.8,0,57,15,32,80,48,15,33,0
2023-03-27T13:00,40.9,0,66,0,60,100,168,54,114,177.3
2023-03-27T14:00,45.8,0,80,0,84,100,313,116,197,234.7
2023-03-27T15:00,48.2,0,90,0,100,100,301,44,257,172.2
2023-03-27T16:00,49.5,0,90,0,100,100,323,27,296,49.3
2023-03-27T17:00,49.7,0.004,94,4,100,100,275,28,247,37.7
2023-03-27T18:00,49.4,0.012,92,2,100,99,236,5,231,20.7
2023-03-27T19:00,50.3,0.008,90,0,100,99,308,28,280,22.5
2023-03-27T20:00,48.3,0.016,85,1,100,79,182,2,180,22.7
2023-03-27T21:00,45.5,0.028,100,60,100,60,108,0,108,0.3
2023-03-27T22:00,43,0.043,100,97,100,75,47,1,46,1.6
2023-03-27T23:00,40.7,0.051,100,100,100,69,17,0,17,1.2
2023-03-28T00:00,37.8,0.051,100,100,100,5,1,0,1,0
2023-03-28T01:00,37.6,0.039,100,100,100,0,0,0,0,0
2023-03-28T02:00,36.8,0.028,100,100,94,0,0,0,0,0
2023-03-28T03:00,36.2,0.016,100,100,91,0,0,0,0,0
2023-03-28T04:00,36,0.008,100,100,63,0,0,0,0,0
2023-03-28T05:00,35.6,0.004,100,90,57,0,0,0,0,0
2023-03-28T06:00,35.2,0,100,93,80,0,0,0,0,0
2023-03-28T07:00,35.1,0.004,100,85,77,0,0,0,0,0
2023-03-28T08:00,35.1,0.004,100,82,64,0,0,0,0,0
2023-03-28T09:00,34.9,0,96,71,54,0,0,0,0,0
2023-03-28T10:00,34.3,0,77,66,29,0,0,0,0,0
2023-03-28T11:00,34,0,57,58,8,0,0,0,0,0
2023-03-28T12:00,33.7,0,47,48,6,1,44,22,22,0
2023-03-28T13:00,34.7,0,86,91,6,1,186,97,89,284.2
2023-03-28T14:00,37,0,71,78,1,0,336,163,173,342.5
2023-03-28T15:00,41.1,0,36,25,22,0,561,396,165,506.5
2023-03-28T16:00,44.1,0,52,29,39,7,674,520,154,714.7
2023-03-28T17:00,45.7,0.004,81,51,52,13,735,579,156,768.8
2023-03-28T18:00,45.9,0,100,81,64,4,619,350,269,619.5
2023-03-28T19:00,45.7,0,98,84,37,0,487,212,275,358.4
2023-03-28T20:00,45.8,0,98,86,34,0,476,243,233,327.3
2023-03-28T21:00,45.1,0,68,57,27,0,361,201,160,382.2
2023-03-28T22:00,44.1,0,50,26,27,36,298,200,98,489.9
2023-03-28T23:00,42.1,0,38,6,5,100,112,59,53,479.4
2023-03-29T00:00,39.2,0,38,0,14,99,7,2,5,52.6
2023-03-29T01:00,37.7,0,63,0,55,99,0,0,0,0
2023-03-29T02:00,36.9,0,79,0,81,100,0,0,0,0
2023-03-29T03:00,36.9,0,89,0,99,100,0,0,0,0
2023-03-29T04:00,36.2,0,87,0,95,99,0,0,0,0
2023-03-29T05:00,34.6,0,74,0,93,62,0,0,0,0
2023-03-29T06:00,34.3,0,34,0,51,11,0,0,0,0
2023-03-29T07:00,34.4,0,15,0,19,11,0,0,0,0
2023-03-29T08:00,33.6,0,2,0,4,0,0,0,0,0
2023-03-29T09:00,30.7,0,0,0,0,0,0,0,0,0
2023-03-29T10:00,31.4,0,0,0,0,0,0,0,0,0
2023-03-29T11:00,31.1,0,3,0,0,11,0,0,0,0
2023-03-29T12:00,33.4,0,14,4,1,31,68,44,24,0
2023-03-29T13:00,40,0,13,11,1,8,251,190,61,539.1
2023-03-29T14:00,44,0,22,9,6,35,442,358,84,724.7
2023-03-29T15:00,47.2,0,48,2,41,73,608,501,107,813.7
2023-03-29T16:00,49.5,0,79,7,74,95,696,543,153,814.4
2023-03-29T17:00,50.8,0.004,83,0,90,95,674,409,265,654.2
2023-03-29T18:00,51.5,0,80,0,87,93,652,381,271,501.7
2023-03-29T19:00,52.9,0,65,0,76,65,674,420,254,523.3
2023-03-29T20:00,53.3,0,68,0,83,59,622,491,131,682.3
2023-03-29T21:00,52.4,0.012,87,0,96,97,410,239,171,635.7
2023-03-29T22:00,49.3,0.004,83,0,95,88,179,59,120,310.9
2023-03-29T23:00,43.4,0.024,100,63,94,31,50,5,45,87.7
2023-03-30T00:00,36.8,0.028,100,84,100,10,3,0,3,3.5
2023-03-30T01:00,33.1,0.012,84,32,91,1,0,0,0,0
2023-03-30T02:00,32,0,52,48,14,0,0,0,0,0
2023-03-30T03:00,31.3,0,60,66,1,0,0,0,0,0
2023-03-30T04:00,30.3,0,41,43,3,0,0,0,0,0
2023-03-30T05:00,29.4,0,30,32,2,0,0,0,0,0
2023-03-30T06:00,28.4,0,47,46,10,0,0,0,0,0
2023-03-30T07:00,28,0,48,44,14,0,0,0,0,0
2023-03-30T08:00,27.7,0,51,47,15,0,0,0,0,0
2023-03-30T09:00,27.1,0,65,69,5,0,0,0,0,0
2023-03-30T10:00,26.9,0,81,87,4,0,0,0,0,0
2023-03-30T11:00,26.6,0,99,85,37,0,0,0,0,0
2023-03-30T12:00,27.3,0,98,81,41,0,61,27,34,0
2023-03-30T13:00,28.6,0,100,100,52,0,186,55,131,216
2023-03-30T14:00,30.2,0,100,100,49,0,335,135,200,238.2
2023-03-30T15:00,31.6,0,100,100,24,0,426,131,295,252.8
2023-03-30T16:00,33.9,0,94,100,7,0,572,247,325,277.5
2023-03-30T17:00,35.8,0,100,100,22,0,602,274,328,352.7
2023-03-30T18:00,37.9,0,89,48,76,0,676,376,300,409.6
2023-03-30T19:00,39.9,0,43,4,65,0,743,537,206,607.6
2023-03-30T20:00,40.5,0,4,4,0,0,667,514,153,770.5
2023-03-30T21:00,40.5,0,0,0,0,0,522,423,99,808
2023-03-30T22:00,39.8,0,0,0,0,0,348,282,66,811.4
2023-03-30T23:00,37.3,0,0,0,0,0,145,102,43,702.5
2023-03-31T00:00,34.4,0,1,0,0,2,10,5,5,105.7
2023-03-31T01:00,31.7,0,25,0,0,83,0,0,0,0
2023-03-31T02:00,29.7,0,29,0,0,98,0,0,0,0
2023-03-31T03:00,28.6,0,29,0,2,91,0,0,0,0
2023-03-31T04:00,28.9,0,23,0,0,76,0,0,0,0
2023-03-31T05:00,28.8,0,15,0,0,49,0,0,0,0
2023-03-31T06:00,29.2,0,11,0,0,37,0,0,0,0
2023-03-31T07:00,30,0,63,0,55,100,0,0,0,0
2023-03-31T08:00,31.4,0,89,0,98,100,0,0,0,0
2023-03-31T09:00,32.2,0,90,0,100,100,0,0,0,0
2023-03-31T10:00,33,0,91,1,100,100,0,0,0,0
2023-03-31T11:00,33.8,0,98,9,100,100,0,0,0,0
2023-03-31T12:00,35.3,0.004,94,4,100,100,35,0,35,0
2023-03-31T13:00,37.6,0.008,89,1,96,100,98,4,94,1.3
2023-03-31T14:00,41.9,0,95,5,100,100,267,77,190,94.6
2023-03-31T15:00,43.2,0,90,0,100,100,188,1,187,89.9
2023-03-31T16:00,45,0.02,89,0,99,100,241,12,229,4.6
2023-03-31T17:00,45.2,0.012,90,0,100,100,176,11,165,16.6
2023-03-31T18:00,42.3,0.035,100,84,100,100,124,2,122,8.5
2023-03-31T19:00,42.7,0.051,100,100,100,99,95,0,95,0.7
2023-03-31T20:00,42.5,0.063,100,100,98,84,64,0,64,0
2023-03-31T21:00,42.6,0.047,100,100,96,91,57,0,57,0
2023-03-31T22:00,43,0.008,100,100,100,98,42,0,42,0
2023-03-31T23:00,43.4,0.008,100,100,100,96,12,1,11,3.7
2023-04-01T00:00,NaN,NaN,NaN,NaN,NaN,NaN,NaN,NaN,NaN,0
2023-04-01T01:00,NaN,NaN,NaN,NaN,NaN,NaN,NaN,NaN,NaN,NaN
2023-04-01T02:00,NaN,NaN,NaN,NaN,NaN,NaN,NaN,NaN,NaN,NaN
2023-04-01T03:00,NaN,NaN,NaN,NaN,NaN,NaN,NaN,NaN,NaN,NaN
2023-04-01T04:00,NaN,NaN,NaN,NaN,NaN,NaN,NaN,NaN,NaN,NaN
2023-04-01T05:00,NaN,NaN,NaN,NaN,NaN,NaN,NaN,NaN,NaN,NaN
2023-04-01T06:00,NaN,NaN,NaN,NaN,NaN,NaN,NaN,NaN,NaN,NaN
2023-04-01T07:00,NaN,NaN,NaN,NaN,NaN,NaN,NaN,NaN,NaN,NaN
2023-04-01T08:00,NaN,NaN,NaN,NaN,NaN,NaN,NaN,NaN,NaN,NaN
2023-04-01T09:00,NaN,NaN,NaN,NaN,NaN,NaN,NaN,NaN,NaN,NaN
2023-04-01T10:00,NaN,NaN,NaN,NaN,NaN,NaN,NaN,NaN,NaN,NaN
2023-04-01T11:00,NaN,NaN,NaN,NaN,NaN,NaN,NaN,NaN,NaN,NaN
2023-04-01T12:00,NaN,NaN,NaN,NaN,NaN,NaN,NaN,NaN,NaN,NaN
2023-04-01T13:00,NaN,NaN,NaN,NaN,NaN,NaN,NaN,NaN,NaN,NaN
2023-04-01T14:00,NaN,NaN,NaN,NaN,NaN,NaN,NaN,NaN,NaN,NaN
2023-04-01T15:00,NaN,NaN,NaN,NaN,NaN,NaN,NaN,NaN,NaN,NaN
2023-04-01T16:00,NaN,NaN,NaN,NaN,NaN,NaN,NaN,NaN,NaN,NaN
2023-04-01T17:00,NaN,NaN,NaN,NaN,NaN,NaN,NaN,NaN,NaN,NaN
2023-04-01T18:00,NaN,NaN,NaN,NaN,NaN,NaN,NaN,NaN,NaN,NaN
2023-04-01T19:00,NaN,NaN,NaN,NaN,NaN,NaN,NaN,NaN,NaN,NaN
2023-04-01T20:00,NaN,NaN,NaN,NaN,NaN,NaN,NaN,NaN,NaN,NaN
2023-04-01T21:00,NaN,NaN,NaN,NaN,NaN,NaN,NaN,NaN,NaN,NaN
2023-04-01T22:00,NaN,NaN,NaN,NaN,NaN,NaN,NaN,NaN,NaN,NaN
2023-04-01T23:00,NaN,NaN,NaN,NaN,NaN,NaN,NaN,NaN,NaN,NaN
2023-04-02T00:00,NaN,NaN,NaN,NaN,NaN,NaN,NaN,NaN,NaN,NaN
2023-04-02T01:00,NaN,NaN,NaN,NaN,NaN,NaN,NaN,NaN,NaN,NaN
2023-04-02T02:00,NaN,NaN,NaN,NaN,NaN,NaN,NaN,NaN,NaN,NaN
2023-04-02T03:00,NaN,NaN,NaN,NaN,NaN,NaN,NaN,NaN,NaN,NaN
2023-04-02T04:00,NaN,NaN,NaN,NaN,NaN,NaN,NaN,NaN,NaN,NaN
2023-04-02T05:00,NaN,NaN,NaN,NaN,NaN,NaN,NaN,NaN,NaN,NaN
2023-04-02T06:00,NaN,NaN,NaN,NaN,NaN,NaN,NaN,NaN,NaN,NaN
2023-04-02T07:00,NaN,NaN,NaN,NaN,NaN,NaN,NaN,NaN,NaN,NaN
2023-04-02T08:00,NaN,NaN,NaN,NaN,NaN,NaN,NaN,NaN,NaN,NaN
2023-04-02T09:00,NaN,NaN,NaN,NaN,NaN,NaN,NaN,NaN,NaN,NaN
2023-04-02T10:00,NaN,NaN,NaN,NaN,NaN,NaN,NaN,NaN,NaN,NaN
2023-04-02T11:00,NaN,NaN,NaN,NaN,NaN,NaN,NaN,NaN,NaN,NaN
2023-04-02T12:00,NaN,NaN,NaN,NaN,NaN,NaN,NaN,NaN,NaN,NaN
2023-04-02T13:00,NaN,NaN,NaN,NaN,NaN,NaN,NaN,NaN,NaN,NaN
2023-04-02T14:00,NaN,NaN,NaN,NaN,NaN,NaN,NaN,NaN,NaN,NaN
2023-04-02T15:00,NaN,NaN,NaN,NaN,NaN,NaN,NaN,NaN,NaN,NaN
2023-04-02T16:00,NaN,NaN,NaN,NaN,NaN,NaN,NaN,NaN,NaN,NaN
2023-04-02T17:00,NaN,NaN,NaN,NaN,NaN,NaN,NaN,NaN,NaN,NaN
2023-04-02T18:00,NaN,NaN,NaN,NaN,NaN,NaN,NaN,NaN,NaN,NaN
2023-04-02T19:00,NaN,NaN,NaN,NaN,NaN,NaN,NaN,NaN,NaN,NaN
2023-04-02T20:00,NaN,NaN,NaN,NaN,NaN,NaN,NaN,NaN,NaN,NaN
2023-04-02T21:00,NaN,NaN,NaN,NaN,NaN,NaN,NaN,NaN,NaN,NaN
2023-04-02T22:00,NaN,NaN,NaN,NaN,NaN,NaN,NaN,NaN,NaN,NaN
2023-04-02T23:00,NaN,NaN,NaN,NaN,NaN,NaN,NaN,NaN,NaN,NaN
2023-04-03T00:00,NaN,NaN,NaN,NaN,NaN,NaN,NaN,NaN,NaN,NaN
2023-04-03T01:00,NaN,NaN,NaN,NaN,NaN,NaN,NaN,NaN,NaN,NaN
2023-04-03T02:00,NaN,NaN,NaN,NaN,NaN,NaN,NaN,NaN,NaN,NaN
2023-04-03T03:00,NaN,NaN,NaN,NaN,NaN,NaN,NaN,NaN,NaN,NaN
2023-04-03T04:00,NaN,NaN,NaN,NaN,NaN,NaN,NaN,NaN,NaN,NaN
2023-04-03T05:00,NaN,NaN,NaN,NaN,NaN,NaN,NaN,NaN,NaN,NaN
2023-04-03T06:00,NaN,NaN,NaN,NaN,NaN,NaN,NaN,NaN,NaN,NaN
2023-04-03T07:00,NaN,NaN,NaN,NaN,NaN,NaN,NaN,NaN,NaN,NaN
2023-04-03T08:00,NaN,NaN,NaN,NaN,NaN,NaN,NaN,NaN,NaN,NaN
2023-04-03T09:00,NaN,NaN,NaN,NaN,NaN,NaN,NaN,NaN,NaN,NaN
2023-04-03T10:00,NaN,NaN,NaN,NaN,NaN,NaN,NaN,NaN,NaN,NaN
2023-04-03T11:00,NaN,NaN,NaN,NaN,NaN,NaN,NaN,NaN,NaN,NaN
2023-04-03T12:00,NaN,NaN,NaN,NaN,NaN,NaN,NaN,NaN,NaN,NaN
2023-04-03T13:00,NaN,NaN,NaN,NaN,NaN,NaN,NaN,NaN,NaN,NaN
2023-04-03T14:00,NaN,NaN,NaN,NaN,NaN,NaN,NaN,NaN,NaN,NaN
2023-04-03T15:00,NaN,NaN,NaN,NaN,NaN,NaN,NaN,NaN,NaN,NaN
2023-04-03T16:00,NaN,NaN,NaN,NaN,NaN,NaN,NaN,NaN,NaN,NaN
2023-04-03T17:00,NaN,NaN,NaN,NaN,NaN,NaN,NaN,NaN,NaN,NaN
2023-04-03T18:00,NaN,NaN,NaN,NaN,NaN,NaN,NaN,NaN,NaN,NaN
2023-04-03T19:00,NaN,NaN,NaN,NaN,NaN,NaN,NaN,NaN,NaN,NaN
2023-04-03T20:00,NaN,NaN,NaN,NaN,NaN,NaN,NaN,NaN,NaN,NaN
2023-04-03T21:00,NaN,NaN,NaN,NaN,NaN,NaN,NaN,NaN,NaN,NaN
2023-04-03T22:00,NaN,NaN,NaN,NaN,NaN,NaN,NaN,NaN,NaN,NaN
2023-04-03T23:00,NaN,NaN,NaN,NaN,NaN,NaN,NaN,NaN,NaN,NaN
2023-04-04T00:00,NaN,NaN,NaN,NaN,NaN,NaN,NaN,NaN,NaN,NaN
2023-04-04T01:00,NaN,NaN,NaN,NaN,NaN,NaN,NaN,NaN,NaN,NaN
2023-04-04T02:00,NaN,NaN,NaN,NaN,NaN,NaN,NaN,NaN,NaN,NaN
2023-04-04T03:00,NaN,NaN,NaN,NaN,NaN,NaN,NaN,NaN,NaN,NaN
2023-04-04T04:00,NaN,NaN,NaN,NaN,NaN,NaN,NaN,NaN,NaN,NaN
2023-04-04T05:00,NaN,NaN,NaN,NaN,NaN,NaN,NaN,NaN,NaN,NaN
2023-04-04T06:00,NaN,NaN,NaN,NaN,NaN,NaN,NaN,NaN,NaN,NaN
2023-04-04T07:00,NaN,NaN,NaN,NaN,NaN,NaN,NaN,NaN,NaN,NaN
2023-04-04T08:00,NaN,NaN,NaN,NaN,NaN,NaN,NaN,NaN,NaN,NaN
2023-04-04T09:00,NaN,NaN,NaN,NaN,NaN,NaN,NaN,NaN,NaN,NaN
2023-04-04T10:00,NaN,NaN,NaN,NaN,NaN,NaN,NaN,NaN,NaN,NaN
2023-04-04T11:00,NaN,NaN,NaN,NaN,NaN,NaN,NaN,NaN,NaN,NaN
2023-04-04T12:00,NaN,NaN,NaN,NaN,NaN,NaN,NaN,NaN,NaN,NaN
2023-04-04T13:00,NaN,NaN,NaN,NaN,NaN,NaN,NaN,NaN,NaN,NaN
2023-04-04T14:00,NaN,NaN,NaN,NaN,NaN,NaN,NaN,NaN,NaN,NaN
2023-04-04T15:00,NaN,NaN,NaN,NaN,NaN,NaN,NaN,NaN,NaN,NaN
2023-04-04T16:00,NaN,NaN,NaN,NaN,NaN,NaN,NaN,NaN,NaN,NaN
2023-04-04T17:00,NaN,NaN,NaN,NaN,NaN,NaN,NaN,NaN,NaN,NaN
2023-04-04T18:00,NaN,NaN,NaN,NaN,NaN,NaN,NaN,NaN,NaN,NaN
2023-04-04T19:00,NaN,NaN,NaN,NaN,NaN,NaN,NaN,NaN,NaN,NaN
2023-04-04T20:00,NaN,NaN,NaN,NaN,NaN,NaN,NaN,NaN,NaN,NaN
2023-04-04T21:00,NaN,NaN,NaN,NaN,NaN,NaN,NaN,NaN,NaN,NaN
2023-04-04T22:00,NaN,NaN,NaN,NaN,NaN,NaN,NaN,NaN,NaN,NaN
2023-04-04T23:00,NaN,NaN,NaN,NaN,NaN,NaN,NaN,NaN,NaN,NaN
2023-04-05T00:00,NaN,NaN,NaN,NaN,NaN,NaN,NaN,NaN,NaN,NaN
2023-04-05T01:00,NaN,NaN,NaN,NaN,NaN,NaN,NaN,NaN,NaN,NaN
2023-04-05T02:00,NaN,NaN,NaN,NaN,NaN,NaN,NaN,NaN,NaN,NaN
2023-04-05T03:00,NaN,NaN,NaN,NaN,NaN,NaN,NaN,NaN,NaN,NaN
2023-04-05T04:00,NaN,NaN,NaN,NaN,NaN,NaN,NaN,NaN,NaN,NaN
2023-04-05T05:00,NaN,NaN,NaN,NaN,NaN,NaN,NaN,NaN,NaN,NaN
2023-04-05T06:00,NaN,NaN,NaN,NaN,NaN,NaN,NaN,NaN,NaN,NaN
2023-04-05T07:00,NaN,NaN,NaN,NaN,NaN,NaN,NaN,NaN,NaN,NaN
2023-04-05T08:00,NaN,NaN,NaN,NaN,NaN,NaN,NaN,NaN,NaN,NaN
2023-04-05T09:00,NaN,NaN,NaN,NaN,NaN,NaN,NaN,NaN,NaN,NaN
2023-04-05T10:00,NaN,NaN,NaN,NaN,NaN,NaN,NaN,NaN,NaN,NaN
2023-04-05T11:00,NaN,NaN,NaN,NaN,NaN,NaN,NaN,NaN,NaN,NaN
2023-04-05T12:00,NaN,NaN,NaN,NaN,NaN,NaN,NaN,NaN,NaN,NaN
2023-04-05T13:00,NaN,NaN,NaN,NaN,NaN,NaN,NaN,NaN,NaN,NaN
2023-04-05T14:00,NaN,NaN,NaN,NaN,NaN,NaN,NaN,NaN,NaN,NaN
2023-04-05T15:00,NaN,NaN,NaN,NaN,NaN,NaN,NaN,NaN,NaN,NaN
2023-04-05T16:00,NaN,NaN,NaN,NaN,NaN,NaN,NaN,NaN,NaN,NaN
2023-04-05T17:00,NaN,NaN,NaN,NaN,NaN,NaN,NaN,NaN,NaN,NaN
2023-04-05T18:00,NaN,NaN,NaN,NaN,NaN,NaN,NaN,NaN,NaN,NaN
2023-04-05T19:00,NaN,NaN,NaN,NaN,NaN,NaN,NaN,NaN,NaN,NaN
2023-04-05T20:00,NaN,NaN,NaN,NaN,NaN,NaN,NaN,NaN,NaN,NaN
2023-04-05T21:00,NaN,NaN,NaN,NaN,NaN,NaN,NaN,NaN,NaN,NaN
2023-04-05T22:00,NaN,NaN,NaN,NaN,NaN,NaN,NaN,NaN,NaN,NaN
2023-04-05T23:00,NaN,NaN,NaN,NaN,NaN,NaN,NaN,NaN,NaN,NaN
2023-04-06T00:00,NaN,NaN,NaN,NaN,NaN,NaN,NaN,NaN,NaN,NaN
2023-04-06T01:00,NaN,NaN,NaN,NaN,NaN,NaN,NaN,NaN,NaN,NaN
2023-04-06T02:00,NaN,NaN,NaN,NaN,NaN,NaN,NaN,NaN,NaN,NaN
2023-04-06T03:00,NaN,NaN,NaN,NaN,NaN,NaN,NaN,NaN,NaN,NaN
2023-04-06T04:00,NaN,NaN,NaN,NaN,NaN,NaN,NaN,NaN,NaN,NaN
2023-04-06T05:00,NaN,NaN,NaN,NaN,NaN,NaN,NaN,NaN,NaN,NaN
2023-04-06T06:00,NaN,NaN,NaN,NaN,NaN,NaN,NaN,NaN,NaN,NaN
2023-04-06T07:00,NaN,NaN,NaN,NaN,NaN,NaN,NaN,NaN,NaN,NaN
2023-04-06T08:00,NaN,NaN,NaN,NaN,NaN,NaN,NaN,NaN,NaN,NaN
2023-04-06T09:00,NaN,NaN,NaN,NaN,NaN,NaN,NaN,NaN,NaN,NaN
2023-04-06T10:00,NaN,NaN,NaN,NaN,NaN,NaN,NaN,NaN,NaN,NaN
2023-04-06T11:00,NaN,NaN,NaN,NaN,NaN,NaN,NaN,NaN,NaN,NaN
2023-04-06T12:00,NaN,NaN,NaN,NaN,NaN,NaN,NaN,NaN,NaN,NaN
2023-04-06T13:00,NaN,NaN,NaN,NaN,NaN,NaN,NaN,NaN,NaN,NaN
2023-04-06T14:00,NaN,NaN,NaN,NaN,NaN,NaN,NaN,NaN,NaN,NaN
2023-04-06T15:00,NaN,NaN,NaN,NaN,NaN,NaN,NaN,NaN,NaN,NaN
2023-04-06T16:00,NaN,NaN,NaN,NaN,NaN,NaN,NaN,NaN,NaN,NaN
2023-04-06T17:00,NaN,NaN,NaN,NaN,NaN,NaN,NaN,NaN,NaN,NaN
2023-04-06T18:00,NaN,NaN,NaN,NaN,NaN,NaN,NaN,NaN,NaN,NaN
2023-04-06T19:00,NaN,NaN,NaN,NaN,NaN,NaN,NaN,NaN,NaN,NaN
2023-04-06T20:00,NaN,NaN,NaN,NaN,NaN,NaN,NaN,NaN,NaN,NaN
2023-04-06T21:00,NaN,NaN,NaN,NaN,NaN,NaN,NaN,NaN,NaN,NaN
2023-04-06T22:00,NaN,NaN,NaN,NaN,NaN,NaN,NaN,NaN,NaN,NaN
2023-04-06T23:00,NaN,NaN,NaN,NaN,NaN,NaN,NaN,NaN,NaN,NaN
2023-04-07T00:00,NaN,NaN,NaN,NaN,NaN,NaN,NaN,NaN,NaN,NaN
2023-04-07T01:00,NaN,NaN,NaN,NaN,NaN,NaN,NaN,NaN,NaN,NaN
2023-04-07T02:00,NaN,NaN,NaN,NaN,NaN,NaN,NaN,NaN,NaN,NaN
2023-04-07T03:00,NaN,NaN,NaN,NaN,NaN,NaN,NaN,NaN,NaN,NaN
2023-04-07T04:00,NaN,NaN,NaN,NaN,NaN,NaN,NaN,NaN,NaN,NaN
2023-04-07T05:00,NaN,NaN,NaN,NaN,NaN,NaN,NaN,NaN,NaN,NaN
2023-04-07T06:00,NaN,NaN,NaN,NaN,NaN,NaN,NaN,NaN,NaN,NaN
2023-04-07T07:00,NaN,NaN,NaN,NaN,NaN,NaN,NaN,NaN,NaN,NaN
2023-04-07T08:00,NaN,NaN,NaN,NaN,NaN,NaN,NaN,NaN,NaN,NaN
2023-04-07T09:00,NaN,NaN,NaN,NaN,NaN,NaN,NaN,NaN,NaN,NaN
2023-04-07T10:00,NaN,NaN,NaN,NaN,NaN,NaN,NaN,NaN,NaN,NaN
2023-04-07T11:00,NaN,NaN,NaN,NaN,NaN,NaN,NaN,NaN,NaN,NaN
2023-04-07T12:00,NaN,NaN,NaN,NaN,NaN,NaN,NaN,NaN,NaN,NaN
2023-04-07T13:00,NaN,NaN,NaN,NaN,NaN,NaN,NaN,NaN,NaN,NaN
2023-04-07T14:00,NaN,NaN,NaN,NaN,NaN,NaN,NaN,NaN,NaN,NaN
2023-04-07T15:00,NaN,NaN,NaN,NaN,NaN,NaN,NaN,NaN,NaN,NaN
2023-04-07T16:00,NaN,NaN,NaN,NaN,NaN,NaN,NaN,NaN,NaN,NaN
2023-04-07T17:00,NaN,NaN,NaN,NaN,NaN,NaN,NaN,NaN,NaN,NaN
2023-04-07T18:00,NaN,NaN,NaN,NaN,NaN,NaN,NaN,NaN,NaN,NaN
2023-04-07T19:00,NaN,NaN,NaN,NaN,NaN,NaN,NaN,NaN,NaN,NaN
2023-04-07T20:00,NaN,NaN,NaN,NaN,NaN,NaN,NaN,NaN,NaN,NaN
2023-04-07T21:00,NaN,NaN,NaN,NaN,NaN,NaN,NaN,NaN,NaN,NaN
2023-04-07T22:00,NaN,NaN,NaN,NaN,NaN,NaN,NaN,NaN,NaN,NaN
2023-04-07T23:00,NaN,NaN,NaN,NaN,NaN,NaN,NaN,NaN,NaN,NaN
