,time,grid,solar
0,2023-03-07 15:00:00,44.825,61.05
1,2023-03-07 16:00:00,29.625,76.05
2,2023-03-07 17:00:00,35.2,89.05
3,2023-03-07 18:00:00,67.3,50.325
4,2023-03-07 19:00:00,94.9,30.375
5,2023-03-07 20:00:00,95.15,21.475
6,2023-03-07 21:00:00,95.525,20.5
7,2023-03-07 22:00:00,120.95,5.575
8,2023-03-07 23:00:00,124.175,0.0
9,2023-03-08 00:00:00,126.075,0.0
10,2023-03-08 01:00:00,125.175,0.0
11,2023-03-08 02:00:00,150.175,0.0
12,2023-03-08 03:00:00,143.775,0.0
13,2023-03-08 04:00:00,149.05,0.0
14,2023-03-08 05:00:00,128.55,0.0
15,2023-03-08 06:00:00,115.2,0.0
16,2023-03-08 07:00:00,104.525,0.0
17,2023-03-08 08:00:00,101.0,0.0
18,2023-03-08 09:00:00,98.5,0.0
19,2023-03-08 10:00:00,98.675,0.0
20,2023-03-08 11:00:00,107.8,0.0
21,2023-03-08 12:00:00,105.875,4.1
22,2023-03-08 13:00:00,92.8,18.35
23,2023-03-08 14:00:00,67.8,50.925
24,2023-03-08 15:00:00,70.05,49.275
25,2023-03-08 16:00:00,79.425,55.75
26,2023-03-08 17:00:00,35.475,70.325
27,2023-03-08 18:00:00,60.3,54.975
28,2023-03-08 19:00:00,77.3,43.85
29,2023-03-08 20:00:00,98.5,27.425
30,2023-03-08 21:00:00,102.275,18.575
31,2023-03-08 22:00:00,113.9,5.725
32,2023-03-08 23:00:00,127.525,0.025
33,2023-03-09 00:00:00,131.275,0.0
34,2023-03-09 01:00:00,127.2,0.0
35,2023-03-09 02:00:00,140.925,0.0
36,2023-03-09 03:00:00,157.55,0.0
37,2023-03-09 04:00:00,151.825,0.0
38,2023-03-09 05:00:00,135.075,0.0
39,2023-03-09 06:00:00,133.875,0.0
40,2023-03-09 07:00:00,113.775,0.0
41,2023-03-09 08:00:00,103.05,0.0
42,2023-03-09 09:00:00,104.475,0.0
43,2023-03-09 10:00:00,102.9,0.0
44,2023-03-09 11:00:00,108.95,0.475
45,2023-03-09 12:00:00,100.225,10.375
46,2023-03-09 13:00:00,90.175,24.375
47,2023-03-09 14:00:00,97.975,33.625
48,2023-03-09 15:00:00,83.15,34.775
49,2023-03-09 16:00:00,58.475,53.15
50,2023-03-09 17:00:00,52.55,60.525
51,2023-03-09 18:00:00,45.475,65.85
52,2023-03-09 19:00:00,74.225,42.425
53,2023-03-09 20:00:00,83.425,28.675
54,2023-03-09 21:00:00,105.75,16.675
55,2023-03-09 22:00:00,120.05,4.8
56,2023-03-09 23:00:00,125.5,0.0
57,2023-03-10 00:00:00,125.55,0.0
58,2023-03-10 01:00:00,130.575,0.0
59,2023-03-10 02:00:00,128.325,0.0
60,2023-03-10 03:00:00,151.725,0.0
61,2023-03-10 04:00:00,148.0,0.0
62,2023-03-10 05:00:00,117.125,0.0
63,2023-03-10 06:00:00,131.225,0.0
64,2023-03-10 07:00:00,108.475,0.0
65,2023-03-10 08:00:00,109.5,0.0
66,2023-03-10 09:00:00,102.4,0.0
67,2023-03-10 10:00:00,102.25,0.0
68,2023-03-10 11:00:00,109.55,0.575
69,2023-03-10 12:00:00,103.75,7.95
70,2023-03-10 13:00:00,91.25,24.4
71,2023-03-10 14:00:00,50.175,67.275
72,2023-03-10 15:00:00,31.325,125.35
73,2023-03-10 16:00:00,36.275,84.2
74,2023-03-10 17:00:00,90.875,33.325
75,2023-03-10 18:00:00,113.8,19.175
76,2023-03-10 19:00:00,144.75,9.975
77,2023-03-10 20:00:00,130.825,3.075
78,2023-03-10 21:00:00,136.875,0.25
79,2023-03-10 22:00:00,144.3,0.0
80,2023-03-10 23:00:00,143.85,0.0
81,2023-03-11 00:00:00,151.2,0.0
82,2023-03-11 01:00:00,153.65,0.0
83,2023-03-11 02:00:00,166.55,0.0
84,2023-03-11 03:00:00,166.15,0.0
85,2023-03-11 04:00:00,160.475,0.0
86,2023-03-11 05:00:00,147.35,0.0
87,2023-03-11 06:00:00,141.3,0.0
88,2023-03-11 07:00:00,120.5,0.0
89,2023-03-11 08:00:00,112.775,0.0
90,2023-03-11 09:00:00,108.85,0.0
91,2023-03-11 10:00:00,99.55,0.0
92,2023-03-11 11:00:00,108.075,0.0
93,2023-03-11 12:00:00,110.125,0.0
94,2023-03-11 13:00:00,109.425,0.025
95,2023-03-11 14:00:00,117.325,0.65
96,2023-03-11 15:00:00,137.1,0.775
97,2023-03-11 16:00:00,152.7,2.0
98,2023-03-11 17:00:00,127.375,1.225
99,2023-03-11 18:00:00,149.6,0.825
100,2023-03-11 19:00:00,159.525,1.0
101,2023-03-11 20:00:00,161.8,0.35
102,2023-03-11 21:00:00,154.075,0.1
103,2023-03-11 22:00:00,154.6,0.0
104,2023-03-11 23:00:00,136.475,0.0
105,2023-03-12 00:00:00,134.825,0.0
106,2023-03-12 01:00:00,137.6,0.0
107,2023-03-12 02:00:00,132.4,0.0
108,2023-03-12 03:00:00,150.025,0.0
109,2023-03-12 04:00:00,154.75,0.0
110,2023-03-12 05:00:00,132.0,0.0
111,2023-03-12 06:00:00,116.85,0.0
112,2023-03-12 07:00:00,111.975,0.0
113,2023-03-12 08:00:00,104.525,0.0
114,2023-03-12 09:00:00,101.6,0.0
115,2023-03-12 10:00:00,113.2,0.0
116,2023-03-12 11:00:00,110.675,0.0
117,2023-03-12 12:00:00,108.125,1.2
118,2023-03-12 13:00:00,115.925,3.875
119,2023-03-12 14:00:00,115.625,5.525
120,2023-03-12 15:00:00,116.45,6.35
121,2023-03-12 16:00:00,121.825,6.825
122,2023-03-12 17:00:00,126.875,7.55
123,2023-03-12 18:00:00,131.775,8.2
124,2023-03-12 19:00:00,113.825,7.2
125,2023-03-12 20:00:00,125.925,5.65
126,2023-03-12 21:00:00,123.975,3.575
127,2023-03-12 22:00:00,144.975,0.95
128,2023-03-12 23:00:00,159.125,0.0
129,2023-03-13 00:00:00,156.175,0.0
130,2023-03-13 01:00:00,151.55,0.0
131,2023-03-13 02:00:00,160.75,0.0
132,2023-03-13 03:00:00,153.05,0.0
133,2023-03-13 04:00:00,144.8,0.0
134,2023-03-13 05:00:00,149.375,0.0
135,2023-03-13 06:00:00,125.15,0.0
136,2023-03-13 07:00:00,115.35,0.0
137,2023-03-13 08:00:00,111.7,0.0
138,2023-03-13 09:00:00,110.825,0.0
139,2023-03-13 10:00:00,114.75,0.0
140,2023-03-13 11:00:00,114.825,0.0
141,2023-03-13 12:00:00,119.725,0.8
142,2023-03-13 13:00:00,111.1,4.675
143,2023-03-13 14:00:00,111.225,10.625
144,2023-03-13 15:00:00,108.85,15.3
145,2023-03-13 16:00:00,90.725,28.575
146,2023-03-13 17:00:00,91.825,40.375
147,2023-03-13 18:00:00,102.0,28.3
148,2023-03-13 19:00:00,89.825,39.225
149,2023-03-13 20:00:00,114.625,12.75
150,2023-03-13 21:00:00,116.975,12.45
151,2023-03-13 22:00:00,136.275,3.45
152,2023-03-13 23:00:00,141.825,0.0
153,2023-03-14 00:00:00,129.675,0.0
154,2023-03-14 01:00:00,158.575,0.0
155,2023-03-14 02:00:00,162.775,0.0
156,2023-03-14 03:00:00,146.425,0.0
157,2023-03-14 04:00:00,136.625,0.0
158,2023-03-14 05:00:00,125.25,0.0
159,2023-03-14 06:00:00,118.85,0.0
160,2023-03-14 07:00:00,113.075,0.0
161,2023-03-14 08:00:00,107.75,0.0
162,2023-03-14 09:00:00,109.05,0.0
163,2023-03-14 10:00:00,112.875,0.0
164,2023-03-14 11:00:00,111.4,0.0
165,2023-03-14 12:00:00,109.625,0.075
166,2023-03-14 13:00:00,109.65,1.45
167,2023-03-14 14:00:00,108.4,4.8
168,2023-03-14 15:00:00,113.0,9.025
169,2023-03-14 16:00:00,130.8,12.225
170,2023-03-14 17:00:00,149.25,10.65
171,2023-03-14 18:00:00,123.025,12.65
172,2023-03-14 19:00:00,145.8,9.75
173,2023-03-14 20:00:00,135.8,7.4
174,2023-03-14 21:00:00,129.325,2.5
175,2023-03-14 22:00:00,136.8,0.65
176,2023-03-14 23:00:00,138.45,0.0
177,2023-03-15 00:00:00,135.65,0.0
178,2023-03-15 01:00:00,144.5,0.0
179,2023-03-15 02:00:00,140.875,0.0
180,2023-03-15 03:00:00,148.175,0.0
181,2023-03-15 04:00:00,125.45,0.0
182,2023-03-15 05:00:00,125.7,0.0
183,2023-03-15 06:00:00,116.45,0.0
184,2023-03-15 07:00:00,107.1,0.0
185,2023-03-15 08:00:00,104.425,0.0
186,2023-03-15 09:00:00,102.925,0.0
187,2023-03-15 10:00:00,114.15,0.0
188,2023-03-15 11:00:00,118.025,0.1
189,2023-03-15 12:00:00,115.875,2.675
190,2023-03-15 13:00:00,103.65,16.95
191,2023-03-15 14:00:00,60.1,63.775
192,2023-03-15 15:00:00,44.525,128.325
193,2023-03-15 16:00:00,63.95,171.25
194,2023-03-15 17:00:00,63.65,172.375
195,2023-03-15 18:00:00,53.55,169.175
196,2023-03-15 19:00:00,28.375,153.5
197,2023-03-15 20:00:00,9.15,115.1
198,2023-03-15 21:00:00,55.475,65.8
199,2023-03-15 22:00:00,114.25,17.15
200,2023-03-15 23:00:00,129.65,0.3
201,2023-03-16 00:00:00,127.85,0.0
202,2023-03-16 01:00:00,151.0,0.0
203,2023-03-16 02:00:00,144.275,0.0
204,2023-03-16 03:00:00,150.325,0.0
205,2023-03-16 04:00:00,150.65,0.0
206,2023-03-16 05:00:00,127.7,0.0
207,2023-03-16 06:00:00,116.375,0.0
208,2023-03-16 07:00:00,102.175,0.0
209,2023-03-16 08:00:00,99.575,0.0
210,2023-03-16 09:00:00,99.625,0.0
211,2023-03-16 10:00:00,108.525,0.0
212,2023-03-16 11:00:00,121.95,1.05
213,2023-03-16 12:00:00,87.35,24.65
214,2023-03-16 13:00:00,24.0,83.925
215,2023-03-16 14:00:00,20.625,128.95
216,2023-03-16 15:00:00,13.65,107.65
217,2023-03-16 16:00:00,36.35,158.025
218,2023-03-16 17:00:00,35.025,114.125
219,2023-03-16 18:00:00,29.2,92.975
220,2023-03-16 19:00:00,20.55,139.575
221,2023-03-16 20:00:00,28.75,88.2
222,2023-03-16 21:00:00,93.35,24.85
223,2023-03-16 22:00:00,116.425,11.825
224,2023-03-16 23:00:00,131.65,0.075
225,2023-03-17 00:00:00,127.2,0.0
226,2023-03-17 01:00:00,119.2,0.0
227,2023-03-17 02:00:00,128.2,0.0
228,2023-03-17 03:00:00,137.375,0.0
229,2023-03-17 04:00:00,123.6,0.0
230,2023-03-17 05:00:00,115.2,0.0
231,2023-03-17 06:00:00,119.775,0.0
232,2023-03-17 07:00:00,109.05,0.0
233,2023-03-17 08:00:00,99.625,0.0
234,2023-03-17 09:00:00,96.025,0.0
235,2023-03-17 10:00:00,107.775,0.0
236,2023-03-17 11:00:00,106.2,0.075
237,2023-03-17 12:00:00,107.025,2.95
238,2023-03-17 13:00:00,98.75,8.8
239,2023-03-17 14:00:00,93.6,16.75
240,2023-03-17 15:00:00,95.65,18.725
241,2023-03-17 16:00:00,90.2,26.575
242,2023-03-17 17:00:00,105.75,26.45
243,2023-03-17 18:00:00,106.8,17.8
244,2023-03-17 19:00:00,86.325,39.35
245,2023-03-17 20:00:00,76.325,67.075
246,2023-03-17 21:00:00,119.425,11.675
247,2023-03-17 22:00:00,108.8,5.075
248,2023-03-17 23:00:00,131.95,0.0
249,2023-03-18 00:00:00,127.65,0.0
250,2023-03-18 01:00:00,134.425,0.0
251,2023-03-18 02:00:00,143.225,0.0
252,2023-03-18 03:00:00,129.45,0.0
253,2023-03-18 04:00:00,136.575,0.0
254,2023-03-18 05:00:00,113.375,0.0
255,2023-03-18 06:00:00,105.75,0.0
256,2023-03-18 07:00:00,106.9,0.0
257,2023-03-18 08:00:00,98.875,0.0
258,2023-03-18 09:00:00,97.925,0.0
259,2023-03-18 10:00:00,107.4,0.0
260,2023-03-18 11:00:00,108.65,0.775
261,2023-03-18 12:00:00,103.825,9.75
262,2023-03-18 13:00:00,84.125,32.8
263,2023-03-18 14:00:00,40.55,80.35
264,2023-03-18 15:00:00,51.775,130.35
265,2023-03-18 16:00:00,62.025,69.225
266,2023-03-18 17:00:00,46.225,101.4
267,2023-03-18 18:00:00,72.725,102.15
268,2023-03-18 19:00:00,58.2,69.525
269,2023-03-18 20:00:00,93.3,35.8
270,2023-03-18 21:00:00,80.175,59.075
271,2023-03-18 22:00:00,122.425,21.375
272,2023-03-18 23:00:00,148.125,0.55
273,2023-03-19 00:00:00,143.9,0.0
274,2023-03-19 01:00:00,148.05,0.0
275,2023-03-19 02:00:00,146.225,0.0
276,2023-03-19 03:00:00,142.15,0.0
277,2023-03-19 04:00:00,145.575,0.0
278,2023-03-19 05:00:00,120.275,0.0
279,2023-03-19 06:00:00,117.425,0.0
280,2023-03-19 07:00:00,105.725,0.0
281,2023-03-19 08:00:00,103.75,0.0
282,2023-03-19 09:00:00,100.45,0.0
283,2023-03-19 10:00:00,109.15,0.0
284,2023-03-19 11:00:00,110.175,2.65
285,2023-03-19 12:00:00,89.5,34.075
286,2023-03-19 13:00:00,80.075,32.825
287,2023-03-19 14:00:00,67.225,76.725
288,2023-03-19 15:00:00,49.75,107.825
289,2023-03-19 16:00:00,106.075,59.425
290,2023-03-19 17:00:00,75.35,72.15
291,2023-03-19 18:00:00,77.25,88.825
292,2023-03-19 19:00:00,71.775,53.4
293,2023-03-19 20:00:00,95.325,47.55
294,2023-03-19 21:00:00,76.1,62.725
295,2023-03-19 22:00:00,114.0,20.475
296,2023-03-19 23:00:00,154.2,0.625
297,2023-03-20 00:00:00,151.0,0.0
298,2023-03-20 01:00:00,143.075,0.0
299,2023-03-20 02:00:00,169.6,0.0
300,2023-03-20 03:00:00,145.95,0.0
301,2023-03-20 04:00:00,135.475,0.0
302,2023-03-20 05:00:00,128.425,0.0
303,2023-03-20 06:00:00,114.075,0.0
304,2023-03-20 07:00:00,110.8,0.0
305,2023-03-20 08:00:00,104.2,0.0
306,2023-03-20 09:00:00,99.825,0.0
307,2023-03-20 10:00:00,112.125,0.0
308,2023-03-20 11:00:00,105.475,3.575
309,2023-03-20 12:00:00,74.275,41.125
310,2023-03-20 13:00:00,19.95,94.425
311,2023-03-20 14:00:00,25.275,138.2
312,2023-03-20 15:00:00,34.1,159.95
313,2023-03-20 16:00:00,54.225,170.525
314,2023-03-20 17:00:00,63.725,171.325
315,2023-03-20 18:00:00,35.725,166.875
316,2023-03-20 19:00:00,44.575,149.25
317,2023-03-20 20:00:00,14.7,113.475
318,2023-03-20 21:00:00,68.775,66.575
319,2023-03-20 22:00:00,109.35,19.1
320,2023-03-20 23:00:00,131.7,0.575
321,2023-03-21 00:00:00,137.95,0.0
322,2023-03-21 01:00:00,155.125,0.0
323,2023-03-21 02:00:00,144.0,0.0
324,2023-03-21 03:00:00,154.075,0.0
325,2023-03-21 04:00:00,135.6,0.0
326,2023-03-21 05:00:00,122.975,0.0
327,2023-03-21 06:00:00,101.85,0.0
328,2023-03-21 07:00:00,100.2,0.0
329,2023-03-21 08:00:00,94.725,0.0
330,2023-03-21 09:00:00,92.175,0.0
331,2023-03-21 10:00:00,104.25,0.0
332,2023-03-21 11:00:00,100.25,5.525
333,2023-03-21 12:00:00,70.9,39.45
334,2023-03-21 13:00:00,22.75,91.15
335,2023-03-21 14:00:00,41.0,112.025
336,2023-03-21 15:00:00,41.05,150.9
337,2023-03-21 16:00:00,61.025,164.35
338,2023-03-21 17:00:00,52.025,164.475
339,2023-03-21 18:00:00,60.925,120.875
340,2023-03-21 19:00:00,34.2,107.55
341,2023-03-21 20:00:00,23.175,102.975
342,2023-03-21 21:00:00,75.8,60.125
343,2023-03-21 22:00:00,105.7,14.075
344,2023-03-21 23:00:00,137.125,0.625
345,2023-03-22 00:00:00,129.275,0.0
346,2023-03-22 01:00:00,140.55,0.0
347,2023-03-22 02:00:00,136.625,0.0
348,2023-03-22 03:00:00,132.05,0.0
349,2023-03-22 04:00:00,123.85,0.0
350,2023-03-22 05:00:00,120.225,0.0
351,2023-03-22 06:00:00,106.225,0.0
352,2023-03-22 07:00:00,98.65,0.0
353,2023-03-22 08:00:00,96.125,0.0
354,2023-03-22 09:00:00,95.375,0.0
355,2023-03-22 10:00:00,109.3,0.0
356,2023-03-22 11:00:00,107.275,2.35
357,2023-03-22 12:00:00,92.0,16.825
358,2023-03-22 13:00:00,58.425,57.575
359,2023-03-22 14:00:00,24.45,129.925
360,2023-03-22 15:00:00,49.425,156.9
361,2023-03-22 16:00:00,61.925,156.9
362,2023-03-22 17:00:00,43.525,134.9
363,2023-03-22 18:00:00,28.825,80.675
364,2023-03-22 19:00:00,49.25,52.125
365,2023-03-22 20:00:00,98.075,24.125
366,2023-03-22 21:00:00,94.75,13.15
367,2023-03-22 22:00:00,116.425,3.05
368,2023-03-22 23:00:00,114.55,0.0
369,2023-03-23 00:00:00,126.275,0.0
370,2023-03-23 01:00:00,130.025,0.0
371,2023-03-23 02:00:00,147.3,0.0
372,2023-03-23 03:00:00,144.725,0.0
373,2023-03-23 04:00:00,132.025,0.0
374,2023-03-23 05:00:00,119.35,0.0
375,2023-03-23 06:00:00,104.65,0.0
376,2023-03-23 07:00:00,97.575,0.0
377,2023-03-23 08:00:00,92.85,0.0
378,2023-03-23 09:00:00,92.2,0.0
379,2023-03-23 10:00:00,100.05,0.0
380,2023-03-23 11:00:00,100.725,0.725
381,2023-03-23 12:00:00,99.95,5.875
382,2023-03-23 13:00:00,102.3,7.55
383,2023-03-23 14:00:00,103.775,4.6
384,2023-03-23 15:00:00,92.025,27.65
385,2023-03-23 16:00:00,89.625,15.225
386,2023-03-23 17:00:00,55.6,74.05
387,2023-03-23 18:00:00,58.4,53.275
388,2023-03-23 19:00:00,104.6,10.325
389,2023-03-23 20:00:00,103.65,5.525
390,2023-03-23 21:00:00,118.325,4.1
391,2023-03-23 22:00:00,121.85,0.15
392,2023-03-23 23:00:00,121.575,0.0
393,2023-03-24 00:00:00,139.4,0.0
394,2023-03-24 01:00:00,144.425,0.0
395,2023-03-24 02:00:00,152.025,0.0
396,2023-03-24 03:00:00,155.35,0.0
397,2023-03-24 04:00:00,121.575,0.0
398,2023-03-24 05:00:00,123.075,0.0
399,2023-03-24 06:00:00,110.9,0.0
400,2023-03-24 07:00:00,105.0,0.0
401,2023-03-24 08:00:00,98.925,0.0
402,2023-03-24 09:00:00,97.2,0.0
403,2023-03-24 10:00:00,109.0,0.0
404,2023-03-24 11:00:00,106.275,2.525
405,2023-03-24 12:00:00,91.5,15.275
406,2023-03-24 13:00:00,84.05,38.475
407,2023-03-24 14:00:00,65.225,47.2
408,2023-03-24 15:00:00,33.325,105.175
409,2023-03-24 16:00:00,24.05,116.75
410,2023-03-24 17:00:00,53.525,83.025
411,2023-03-24 18:00:00,26.8,130.475
412,2023-03-24 19:00:00,10.475,131.25
413,2023-03-24 20:00:00,33.4,119.875
414,2023-03-24 21:00:00,85.175,61.775
415,2023-03-24 22:00:00,122.825,16.15
416,2023-03-24 23:00:00,124.95,0.875
417,2023-03-25 00:00:00,137.675,0.0
418,2023-03-25 01:00:00,146.025,0.0
419,2023-03-25 02:00:00,147.825,0.0
420,2023-03-25 03:00:00,126.15,0.0
421,2023-03-25 04:00:00,123.525,0.0
422,2023-03-25 05:00:00,111.25,0.0
423,2023-03-25 06:00:00,105.9,0.0
424,2023-03-25 07:00:00,104.65,0.0
425,2023-03-25 08:00:00,102.95,0.0
426,2023-03-25 09:00:00,95.775,0.0
427,2023-03-25 10:00:00,105.7,0.0
428,2023-03-25 11:00:00,106.175,0.025
429,2023-03-25 12:00:00,109.425,1.75
430,2023-03-25 13:00:00,103.225,10.575
431,2023-03-25 14:00:00,112.675,13.9
432,2023-03-25 15:00:00,116.725,13.325
433,2023-03-25 16:00:00,120.075,7.825
434,2023-03-25 17:00:00,146.4,12.35
435,2023-03-25 18:00:00,123.2,12.7
436,2023-03-25 19:00:00,136.95,10.05
437,2023-03-25 20:00:00,132.05,11.6
438,2023-03-25 21:00:00,123.65,5.875
439,2023-03-25 22:00:00,134.225,5.05
440,2023-03-25 23:00:00,154.05,0.25
441,2023-03-26 00:00:00,129.2,0.0
442,2023-03-26 01:00:00,122.375,0.0
443,2023-03-26 02:00:00,135.275,0.0
444,2023-03-26 03:00:00,155.025,0.0
445,2023-03-26 04:00:00,133.125,0.0
446,2023-03-26 05:00:00,123.775,0.0
447,2023-03-26 06:00:00,124.8,0.0
448,2023-03-26 07:00:00,110.6,0.0
449,2023-03-26 08:00:00,107.875,0.0
450,2023-03-26 09:00:00,103.95,0.0
451,2023-03-26 10:00:00,108.6,0.0
452,2023-03-26 11:00:00,109.15,0.975
453,2023-03-26 12:00:00,115.65,11.1
454,2023-03-26 13:00:00,46.0,67.425
455,2023-03-26 14:00:00,9.775,141.8
456,2023-03-26 15:00:00,41.5,165.625
457,2023-03-26 16:00:00,34.35,172.1
458,2023-03-26 17:00:00,40.425,172.975
459,2023-03-26 18:00:00,34.8,169.625
460,2023-03-26 19:00:00,20.525,153.3
461,2023-03-26 20:00:00,20.95,116.075
462,2023-03-26 21:00:00,61.25,69.425
463,2023-03-26 22:00:00,109.675,21.725
464,2023-03-26 23:00:00,157.725,0.975
465,2023-03-27 00:00:00,157.35,0.0
466,2023-03-27 01:00:00,147.55,0.0
467,2023-03-27 02:00:00,169.125,0.0
468,2023-03-27 03:00:00,169.6,0.0
469,2023-03-27 04:00:00,139.6,0.0
470,2023-03-27 05:00:00,131.525,0.0
471,2023-03-27 06:00:00,105.425,0.0
472,2023-03-27 07:00:00,103.45,0.0
473,2023-03-27 08:00:00,101.875,0.0
474,2023-03-27 09:00:00,98.175,0.0
475,2023-03-27 10:00:00,108.3,0.0
476,2023-03-27 11:00:00,102.975,8.2
477,2023-03-27 12:00:00,81.5,41.95
478,2023-03-27 13:00:00,32.8,94.9
479,2023-03-27 14:00:00,40.8,79.55
480,2023-03-27 15:00:00,62.1,49.65
481,2023-03-27 16:00:00,71.525,45.825
482,2023-03-27 17:00:00,67.1,43.625
483,2023-03-27 18:00:00,59.125,49.075
484,2023-03-27 19:00:00,97.75,19.025
485,2023-03-27 20:00:00,103.35,4.975
486,2023-03-27 21:00:00,112.3,3.725
487,2023-03-27 22:00:00,126.725,3.2
488,2023-03-27 23:00:00,124.1,0.325
489,2023-03-28 00:00:00,133.05,0.0
490,2023-03-28 01:00:00,146.775,0.0
491,2023-03-28 02:00:00,142.325,0.0
492,2023-03-28 03:00:00,148.625,0.0
493,2023-03-28 04:00:00,130.475,0.0
494,2023-03-28 05:00:00,124.75,0.0
495,2023-03-28 06:00:00,115.775,0.0
496,2023-03-28 07:00:00,103.425,0.0
497,2023-03-28 08:00:00,99.3,0.0
498,2023-03-28 09:00:00,97.85,0.0
499,2023-03-28 10:00:00,107.925,0.0
500,2023-03-28 11:00:00,108.375,1.525
501,2023-03-28 12:00:00,98.45,15.775
502,2023-03-28 13:00:00,90.1,26.725
503,2023-03-28 14:00:00,50.725,63.1
504,2023-03-28 15:00:00,15.875,102.6
505,2023-03-28 16:00:00,38.975,132.6
506,2023-03-28 17:00:00,51.975,121.725
507,2023-03-28 18:00:00,39.125,96.75
508,2023-03-28 19:00:00,47.9,89.0
509,2023-03-28 20:00:00,58.0,70.725
510,2023-03-28 21:00:00,103.55,15.325
511,2023-03-28 22:00:00,105.925,19.125
512,2023-03-28 23:00:00,124.15,0.425
513,2023-03-29 00:00:00,130.0,0.0
514,2023-03-29 01:00:00,131.075,0.0
515,2023-03-29 02:00:00,144.7,0.0
516,2023-03-29 03:00:00,142.95,0.0
517,2023-03-29 04:00:00,129.65,0.0
518,2023-03-29 05:00:00,124.15,0.0
519,2023-03-29 06:00:00,109.3,0.0
520,2023-03-29 07:00:00,101.15,0.0
521,2023-03-29 08:00:00,104.925,0.0
522,2023-03-29 09:00:00,100.425,0.0
523,2023-03-29 10:00:00,108.8,0.0
524,2023-03-29 11:00:00,105.75,7.75
525,2023-03-29 12:00:00,67.025,46.625
526,2023-03-29 13:00:00,18.1,100.475
527,2023-03-29 14:00:00,29.3,138.525
528,2023-03-29 15:00:00,51.4,166.9
529,2023-03-29 16:00:00,45.775,173.4
530,2023-03-29 17:00:00,36.875,120.125
531,2023-03-29 18:00:00,41.575,69.85
532,2023-03-29 19:00:00,42.075,73.5
533,2023-03-29 20:00:00,82.225,41.15
534,2023-03-29 21:00:00,93.925,29.85
535,2023-03-29 22:00:00,119.475,12.025
536,2023-03-29 23:00:00,148.075,0.35
537,2023-03-30 00:00:00,146.025,0.0
538,2023-03-30 01:00:00,158.1,0.0
539,2023-03-30 02:00:00,159.15,0.0
540,2023-03-30 03:00:00,162.6,0.0
541,2023-03-30 04:00:00,143.55,0.0
542,2023-03-30 05:00:00,134.675,0.0
543,2023-03-30 06:00:00,116.625,0.0
544,2023-03-30 07:00:00,105.125,0.0
545,2023-03-30 08:00:00,106.975,0.0
546,2023-03-30 09:00:00,102.075,0.0
547,2023-03-30 10:00:00,106.075,0.0
548,2023-03-30 11:00:00,111.1,0.675
549,2023-03-30 12:00:00,117.6,2.95
550,2023-03-30 13:00:00,101.675,9.025
551,2023-03-30 14:00:00,92.05,16.85
552,2023-03-30 15:00:00,112.925,28.725
553,2023-03-30 16:00:00,55.5,121.175
554,2023-03-30 17:00:00,30.475,136.15
555,2023-03-30 18:00:00,14.5,153.825
556,2023-03-30 19:00:00,19.875,144.325
557,2023-03-30 20:00:00,9.35,118.7
558,2023-03-30 21:00:00,55.1,74.225
559,2023-03-30 22:00:00,105.975,24.65
560,2023-03-30 23:00:00,139.875,1.45
561,2023-03-31 00:00:00,152.05,0.0
562,2023-03-31 01:00:00,159.9,0.0
563,2023-03-31 02:00:00,177.425,0.0
564,2023-03-31 03:00:00,165.825,0.0
565,2023-03-31 04:00:00,146.0,0.0
566,2023-03-31 05:00:00,118.525,0.0
567,2023-03-31 06:00:00,127.575,0.0
568,2023-03-31 07:00:00,114.3,0.0
569,2023-03-31 08:00:00,97.3,0.0
570,2023-03-31 09:00:00,99.425,0.0
571,2023-03-31 10:00:00,108.55,0.0
572,2023-03-31 11:00:00,101.575,6.875
573,2023-03-31 12:00:00,90.225,24.55
574,2023-03-31 13:00:00,82.475,38.525
575,2023-03-31 14:00:00,72.6,44.45
576,2023-03-31 15:00:00,87.475,47.7
577,2023-03-31 16:00:00,96.1,31.85
578,2023-03-31 17:00:00,106.35,22.6
579,2023-03-31 18:00:00,106.125,21.625
580,2023-03-31 19:00:00,117.65,20.425
581,2023-03-31 20:00:00,109.175,12.3
582,2023-03-31 21:00:00,133.175,4.65
583,2023-03-31 22:00:00,148.775,0.525
584,2023-03-31 23:00:00,129.9,0.0
585,2023-04-01 00:00:00,130.675,0.0
586,2023-04-01 01:00:00,140.45,0.0
587,2023-04-01 02:00:00,146.175,0.0
588,2023-04-01 03:00:00,136.25,0.0
589,2023-04-01 04:00:00,133.85,0.0
590,2023-04-01 05:00:00,129.2,0.0
591,2023-04-01 06:00:00,118.325,0.0
592,2023-04-01 07:00:00,107.025,0.0
593,2023-04-01 08:00:00,104.65,0.0
594,2023-04-01 09:00:00,92.15,0.0
595,2023-04-01 10:00:00,101.8,0.0
596,2023-04-01 11:00:00,111.3,2.025
597,2023-04-01 12:00:00,93.55,14.8
598,2023-04-01 13:00:00,94.175,18.45
599,2023-04-01 14:00:00,37.375,139.375
600,2023-04-01 15:00:00,63.675,163.325
601,2023-04-01 16:00:00,75.975,170.25
602,2023-04-01 17:00:00,75.95,139.1
603,2023-04-01 18:00:00,61.35,171.975
604,2023-04-01 19:00:00,71.7,47.225
605,2023-04-01 20:00:00,101.15,13.225
606,2023-04-01 21:00:00,79.6,25.675
607,2023-04-01 22:00:00,85.875,14.125
608,2023-04-01 23:00:00,98.725,0.175
609,2023-04-02 00:00:00,109.475,0.0
610,2023-04-02 01:00:00,119.975,0.0
611,2023-04-02 02:00:00,108.25,0.0
612,2023-04-02 03:00:00,119.95,0.0
613,2023-04-02 04:00:00,115.8,0.0
614,2023-04-02 05:00:00,94.4,0.0
615,2023-04-02 06:00:00,95.7,0.0
616,2023-04-02 07:00:00,96.5,0.0
617,2023-04-02 08:00:00,93.225,0.0
618,2023-04-02 09:00:00,97.766666666,0.0
619,2023-04-02 10:00:00,107.975,0.0
620,2023-04-02 11:00:00,100.225,11.45
621,2023-04-02 12:00:00,43.05,60.35
622,2023-04-02 13:00:00,12.2,113.075
623,2023-04-02 14:00:00,52.125,153.8
624,2023-04-02 15:00:00,67.225,171.35
625,2023-04-02 16:00:00,69.25,174.3
626,2023-04-02 17:00:00,59.525,174.625
627,2023-04-02 18:00:00,48.575,172.825
628,2023-04-02 19:00:00,51.45,160.5
629,2023-04-02 20:00:00,19.55,125.325
630,2023-04-02 21:00:00,31.225,77.575
631,2023-04-02 22:00:00,75.55,26.825
632,2023-04-02 23:00:00,98.875,1.75
633,2023-04-03 00:00:00,104.5,0.0
634,2023-04-03 01:00:00,101.95,0.0
635,2023-04-03 02:00:00,107.85,0.0
636,2023-04-03 03:00:00,116.9,0.0
637,2023-04-03 04:00:00,98.375,0.0
638,2023-04-03 05:00:00,96.725,0.0
639,2023-04-03 06:00:00,95.375,0.0
640,2023-04-03 07:00:00,94.15,0.0
641,2023-04-03 08:00:00,92.425,0.0
642,2023-04-03 09:00:00,92.8,0.0
643,2023-04-03 10:00:00,103.05,0.0
644,2023-04-03 11:00:00,93.35,10.675
645,2023-04-03 12:00:00,43.175,60.325
646,2023-04-03 13:00:00,20.875,103.95
647,2023-04-03 14:00:00,34.6,142.625
648,2023-04-03 15:00:00,68.5,157.975
649,2023-04-03 16:00:00,72.95,170.65
650,2023-04-03 17:00:00,73.05,171.025
651,2023-04-03 18:00:00,61.025,165.6
652,2023-04-03 19:00:00,48.4,150.4
653,2023-04-03 20:00:00,58.45,68.2
654,2023-04-03 21:00:00,88.05,15.55
655,2023-04-03 22:00:00,102.2,3.725
656,2023-04-03 23:00:00,108.875,0.15
657,2023-04-04 00:00:00,102.35,0.0
658,2023-04-04 01:00:00,99.3,0.0
659,2023-04-04 02:00:00,103.1,0.0
660,2023-04-04 03:00:00,104.375,0.0
661,2023-04-04 04:00:00,94.525,0.0
662,2023-04-04 05:00:00,92.425,0.0
663,2023-04-04 06:00:00,100.9,0.0
664,2023-04-04 07:00:00,97.925,0.0
665,2023-04-04 08:00:00,88.25,0.0
666,2023-04-04 09:00:00,88.975,0.0
667,2023-04-04 10:00:00,98.425,0.0
668,2023-04-04 11:00:00,93.475,7.85
669,2023-04-04 12:00:00,82.125,18.525
670,2023-04-04 13:00:00,62.9,42.425
671,2023-04-04 14:00:00,23.0,78.35
672,2023-04-04 15:00:00,21.35,113.075
673,2023-04-04 16:00:00,20.2,90.075
674,2023-04-04 17:00:00,34.925,117.1
675,2023-04-04 18:00:00,22.45,94.35
676,2023-04-04 19:00:00,63.0,36.45
677,2023-04-04 20:00:00,75.375,24.775
678,2023-04-04 21:00:00,77.8,20.875
679,2023-04-04 22:00:00,84.075,14.6
680,2023-04-04 23:00:00,96.55,1.725
681,2023-04-05 00:00:00,103.175,0.0
682,2023-04-05 01:00:00,107.525,0.0
683,2023-04-05 02:00:00,108.175,0.0
684,2023-04-05 03:00:00,98.275,0.0
685,2023-04-05 04:00:00,89.325,0.0
686,2023-04-05 05:00:00,90.45,0.0
687,2023-04-05 06:00:00,89.4,0.0
688,2023-04-05 07:00:00,89.025,0.0
689,2023-04-05 08:00:00,89.25,0.0
690,2023-04-05 09:00:00,89.45,0.0
691,2023-04-05 10:00:00,97.875,0.0
692,2023-04-05 11:00:00,91.35,5.875
693,2023-04-05 12:00:00,79.925,18.525
694,2023-04-05 13:00:00,61.975,37.075
695,2023-04-05 14:00:00,42.5,57.55
696,2023-04-05 15:00:00,29.275,92.6
697,2023-04-05 16:00:00,56.425,156.725
698,2023-04-05 17:00:00,48.225,141.575
699,2023-04-05 18:00:00,34.55,64.625
700,2023-04-05 19:00:00,35.525,65.15
701,2023-04-05 20:00:00,42.25,60.675
702,2023-04-05 21:00:00,43.525,53.525
703,2023-04-05 22:00:00,78.925,15.4
704,2023-04-05 23:00:00,110.025,0.0
705,2023-04-06 00:00:00,98.95,0.0
706,2023-04-06 01:00:00,100.625,0.0
707,2023-04-06 02:00:00,101.125,0.0
708,2023-04-06 03:00:00,100.725,0.0
709,2023-04-06 04:00:00,88.175,0.0
710,2023-04-06 05:00:00,90.025,0.0
711,2023-04-06 06:00:00,87.475,0.0
712,2023-04-06 07:00:00,85.425,0.0
713,2023-04-06 08:00:00,86.075,0.0
714,2023-04-06 09:00:00,94.0,0.0
715,2023-04-06 10:00:00,94.775,0.0
716,2023-04-06 11:00:00,86.95,7.525
717,2023-04-06 12:00:00,79.425,20.625
718,2023-04-06 13:00:00,81.925,13.15
719,2023-04-06 14:00:00,86.25,14.5
720,2023-04-06 15:00:00,72.725,23.325
721,2023-04-06 16:00:00,74.925,21.675
722,2023-04-06 17:00:00,83.6,16.8
723,2023-04-06 18:00:00,80.85,18.15
724,2023-04-06 19:00:00,73.925,22.575
725,2023-04-06 20:00:00,76.15,18.875
726,2023-04-06 21:00:00,66.475,36.775
727,2023-04-06 22:00:00,89.825,13.225
728,2023-04-06 23:00:00,102.45,2.575
729,2023-04-07 00:00:00,102.1,0.0
730,2023-04-07 01:00:00,106.925,0.0
731,2023-04-07 02:00:00,105.15,0.0
732,2023-04-07 03:00:00,120.15,0.0
733,2023-04-07 04:00:00,97.625,0.0
734,2023-04-07 05:00:00,90.625,0.0
735,2023-04-07 06:00:00,89.225,0.0
736,2023-04-07 07:00:00,88.575,0.0
737,2023-04-07 08:00:00,89.025,0.0
738,2023-04-07 09:00:00,89.625,0.0
739,2023-04-07 10:00:00,97.8,0.2
740,2023-04-07 11:00:00,86.65,14.475
741,2023-04-07 12:00:00,42.675,64.55
742,2023-04-07 13:00:00,17.5,78.425
743,2023-04-07 14:00:00,25.525,134.4
744,2023-04-07 15:00:00,20.675,132.7
745,2023-04-07 16:00:00,68.6,163.1
746,2023-04-07 17:00:00,62.2,174.55
747,2023-04-07 18:00:00,45.25,145.95
748,2023-04-07 19:00:00,19.35,103.5
749,2023-04-07 20:00:00,48.725,53.275
